Days,RushHour,Weather,Temperature,Humidity,Density
6.0,0.0,0.5,0.72,0.42,1.0
3.0,0.0,0.25,0.78,0.09,3.0
1.0,1.0,0.5,0.76,0.55,2.0
6.0,0.0,0.62,0.72,0.43,1.0
4.0,1.0,0.5,0.78,0.09,0.0
1.0,0.0,0.75,0.72,0.43,0.0
4.0,1.0,0.5,0.78,0.09,0.0
6.0,1.0,0.25,0.76,0.55,3.0
1.0,0.0,0.75,0.72,0.43,0.0
1.0,0.0,0.75,0.72,0.43,0.0
4.0,0.0,0.25,0.78,0.11,1.0
3.0,0.0,0.5,0.74,0.22,0.0
6.0,0.0,0.5,0.72,0.42,0.0
3.0,0.0,0.5,0.74,0.22,0.0
3.0,1.0,0.38,0.74,0.22,2.0
2.0,0.0,0.12,0.76,0.55,0.0
0.0,1.0,0.62,0.76,0.55,0.0
1.0,0.0,0.12,0.76,0.55,2.0
1.0,0.0,0.5,0.72,0.43,2.0
0.0,1.0,0.25,0.75,0.26,2.0
4.0,0.0,0.5,0.75,0.19,1.0
1.0,1.0,0.75,0.76,0.55,0.0
0.0,0.0,0.62,0.76,0.55,0.0
1.0,1.0,0.38,0.76,0.55,3.0
0.0,1.0,0.62,0.76,0.55,0.0
3.0,0.0,0.5,0.74,0.22,0.0
5.0,0.0,0.25,0.73,0.25,2.0
0.0,1.0,0.25,0.75,0.26,3.0
0.0,0.0,0.5,0.73,0.35,3.0
6.0,1.0,0.38,0.76,0.55,3.0
5.0,1.0,0.62,0.74,0.18,0.0
6.0,1.0,0.5,0.76,0.55,0.0
6.0,0.0,0.38,0.76,0.55,3.0
4.0,0.0,0.5,0.74,0.19,0.0
3.0,0.0,0.5,0.74,0.22,2.0
1.0,0.0,0.75,0.72,0.43,0.0
5.0,0.0,0.62,0.74,0.2,0.0
3.0,0.0,0.5,0.78,0.09,1.0
1.0,1.0,0.5,0.76,0.55,0.0
2.0,1.0,0.5,0.76,0.55,0.0
1.0,1.0,0.5,0.72,0.43,0.0
4.0,1.0,0.5,0.78,0.09,0.0
1.0,0.0,0.5,0.72,0.43,2.0
4.0,1.0,0.25,0.78,0.11,2.0
2.0,1.0,0.25,0.76,0.55,0.0
1.0,0.0,0.75,0.72,0.43,0.0
6.0,0.0,0.5,0.76,0.55,0.0
0.0,1.0,0.62,0.76,0.55,0.0
5.0,1.0,0.5,0.78,0.11,0.0
0.0,1.0,0.25,0.75,0.26,2.0
6.0,1.0,0.25,0.76,0.55,3.0
2.0,1.0,0.12,0.76,0.55,1.0
2.0,1.0,0.12,0.76,0.55,0.0
2.0,0.0,0.5,0.76,0.55,0.0
3.0,1.0,0.5,0.79,0.04,0.0
3.0,1.0,0.5,0.78,0.09,2.0
6.0,0.0,0.5,0.76,0.55,3.0
2.0,0.0,0.12,0.79,0.03,2.0
4.0,0.0,0.5,0.74,0.19,0.0
4.0,0.0,0.25,0.78,0.11,2.0
2.0,0.0,0.12,0.76,0.55,0.0
6.0,0.0,0.5,0.74,0.31,3.0
3.0,0.0,0.5,0.74,0.22,0.0
0.0,1.0,0.25,0.75,0.26,3.0
1.0,0.0,0.25,0.76,0.55,2.0
5.0,0.0,0.62,0.74,0.2,0.0
4.0,0.0,0.5,0.74,0.19,0.0
2.0,0.0,0.5,0.76,0.55,0.0
2.0,1.0,0.5,0.76,0.55,0.0
4.0,0.0,0.5,0.74,0.19,0.0
4.0,1.0,0.25,0.78,0.11,1.0
5.0,0.0,0.38,0.73,0.25,0.0
0.0,0.0,0.5,0.73,0.38,3.0
4.0,0.0,0.5,0.74,0.19,0.0
1.0,1.0,0.25,0.76,0.55,0.0
2.0,1.0,0.12,0.76,0.55,0.0
6.0,0.0,0.5,0.74,0.31,2.0
5.0,0.0,0.62,0.74,0.2,0.0
2.0,1.0,0.5,0.76,0.55,0.0
1.0,0.0,0.5,0.72,0.43,0.0
1.0,0.0,0.5,0.72,0.43,0.0
0.0,0.0,0.62,0.71,0.46,0.0
0.0,0.0,0.5,0.74,0.33,3.0
3.0,1.0,0.5,0.79,0.04,0.0
2.0,0.0,0.12,0.76,0.55,0.0
4.0,0.0,0.5,0.74,0.19,0.0
2.0,1.0,0.5,0.76,0.55,0.0
2.0,0.0,0.5,0.76,0.55,0.0
1.0,0.0,0.25,0.76,0.55,2.0
6.0,1.0,0.5,0.76,0.55,0.0
2.0,1.0,0.5,0.76,0.55,0.0
3.0,0.0,0.5,0.74,0.21,1.0
0.0,1.0,0.38,0.75,0.26,1.0
4.0,1.0,0.25,0.78,0.11,3.0
4.0,1.0,0.5,0.78,0.09,0.0
4.0,0.0,0.5,0.75,0.19,2.0
1.0,0.0,0.75,0.72,0.39,0.0
2.0,0.0,0.5,0.76,0.55,0.0
3.0,0.0,0.5,0.74,0.22,0.0
0.0,1.0,0.62,0.76,0.55,0.0
5.0,0.0,0.25,0.76,0.55,3.0
1.0,0.0,0.75,0.76,0.55,0.0
1.0,1.0,0.75,0.76,0.55,0.0
2.0,1.0,0.12,0.76,0.55,2.0
5.0,0.0,0.62,0.74,0.18,0.0
5.0,1.0,0.62,0.78,0.11,0.0
0.0,1.0,0.5,0.76,0.55,2.0
2.0,0.0,0.5,0.76,0.55,0.0
2.0,0.0,0.38,0.76,0.55,0.0
5.0,0.0,0.62,0.73,0.23,0.0
5.0,1.0,0.5,0.78,0.11,0.0
0.0,1.0,0.62,0.76,0.55,0.0
1.0,1.0,0.75,0.76,0.55,0.0
2.0,0.0,0.5,0.76,0.55,0.0
1.0,0.0,0.75,0.72,0.43,1.0
2.0,0.0,0.12,0.79,0.03,2.0
2.0,0.0,0.5,0.76,0.55,0.0
3.0,1.0,0.5,0.74,0.21,0.0
3.0,1.0,0.5,0.79,0.04,0.0
5.0,1.0,0.25,0.77,0.15,3.0
0.0,1.0,0.12,0.75,0.26,2.0
1.0,0.0,0.25,0.76,0.55,2.0
1.0,0.0,0.62,0.72,0.43,0.0
3.0,1.0,0.5,0.74,0.22,0.0
2.0,0.0,0.12,0.79,0.04,2.0
0.0,1.0,0.25,0.75,0.26,2.0
0.0,0.0,0.62,0.72,0.44,1.0
1.0,0.0,0.5,0.72,0.43,0.0
0.0,1.0,0.12,0.75,0.26,1.0
4.0,1.0,0.38,0.74,0.19,2.0
5.0,0.0,0.62,0.73,0.23,0.0
1.0,1.0,0.25,0.72,0.43,0.0
4.0,1.0,0.5,0.78,0.09,0.0
4.0,1.0,0.5,0.75,0.19,0.0
0.0,0.0,0.62,0.72,0.44,2.0
1.0,1.0,0.38,0.76,0.55,2.0
5.0,1.0,0.25,0.77,0.15,3.0
2.0,0.0,0.5,0.76,0.55,0.0
5.0,1.0,0.62,0.74,0.18,0.0
4.0,1.0,0.5,0.78,0.09,0.0
1.0,0.0,0.75,0.73,0.39,0.0
6.0,0.0,0.62,0.72,0.43,0.0
5.0,1.0,0.5,0.78,0.11,0.0
4.0,0.0,0.25,0.78,0.11,3.0
1.0,1.0,0.75,0.76,0.55,0.0
4.0,0.0,0.5,0.75,0.19,0.0
1.0,1.0,0.5,0.76,0.55,0.0
3.0,0.0,0.5,0.74,0.22,0.0
6.0,0.0,0.5,0.72,0.42,0.0
3.0,0.0,0.38,0.74,0.22,0.0
0.0,0.0,0.62,0.71,0.46,2.0
5.0,0.0,0.75,0.73,0.23,0.0
4.0,1.0,0.5,0.78,0.09,0.0
1.0,1.0,0.25,0.76,0.55,0.0
4.0,0.0,0.5,0.78,0.09,0.0
0.0,0.0,0.5,0.76,0.55,2.0
6.0,0.0,0.5,0.72,0.37,2.0
2.0,1.0,0.5,0.76,0.55,0.0
5.0,1.0,0.25,0.76,0.55,2.0
2.0,1.0,0.12,0.79,0.03,2.0
5.0,0.0,0.5,0.75,0.16,0.0
6.0,0.0,0.62,0.72,0.43,0.0
3.0,0.0,0.25,0.78,0.09,3.0
5.0,1.0,0.5,0.78,0.11,0.0
5.0,1.0,0.12,0.77,0.14,0.0
6.0,1.0,0.38,0.76,0.55,3.0
2.0,0.0,0.25,0.76,0.55,2.0
4.0,1.0,0.5,0.74,0.19,0.0
0.0,0.0,0.5,0.73,0.35,3.0
5.0,0.0,0.38,0.76,0.55,2.0
6.0,1.0,0.5,0.76,0.55,0.0
0.0,1.0,0.62,0.76,0.55,0.0
5.0,0.0,0.38,0.76,0.55,1.0
0.0,1.0,0.62,0.76,0.55,0.0
2.0,1.0,0.5,0.76,0.55,0.0
4.0,1.0,0.38,0.74,0.19,0.0
6.0,1.0,0.5,0.76,0.55,2.0
2.0,0.0,0.5,0.76,0.55,0.0
6.0,0.0,0.5,0.72,0.42,0.0
2.0,1.0,0.5,0.76,0.55,0.0
3.0,1.0,0.5,0.79,0.04,0.0
3.0,0.0,0.5,0.79,0.04,0.0
0.0,1.0,0.62,0.76,0.55,0.0
3.0,0.0,0.5,0.74,0.21,0.0
3.0,0.0,0.5,0.74,0.22,3.0
4.0,1.0,0.5,0.78,0.09,0.0
6.0,0.0,0.62,0.72,0.43,0.0
0.0,0.0,0.25,0.74,0.26,3.0
1.0,0.0,0.5,0.72,0.43,0.0
4.0,0.0,0.5,0.74,0.19,0.0
2.0,1.0,0.5,0.76,0.55,0.0
4.0,1.0,0.5,0.78,0.09,0.0
0.0,0.0,0.62,0.72,0.44,2.0
1.0,0.0,0.12,0.76,0.55,2.0
4.0,0.0,0.5,0.78,0.11,2.0
0.0,0.0,0.5,0.73,0.38,3.0
5.0,1.0,0.62,0.74,0.17,0.0
4.0,1.0,0.5,0.74,0.19,0.0
5.0,1.0,0.62,0.74,0.17,0.0
5.0,1.0,0.62,0.78,0.11,0.0
4.0,0.0,0.5,0.74,0.19,0.0
4.0,1.0,0.5,0.78,0.09,0.0
5.0,0.0,0.12,0.76,0.55,2.0
5.0,0.0,0.5,0.75,0.16,0.0
2.0,1.0,0.5,0.76,0.55,0.0
4.0,0.0,0.5,0.74,0.19,0.0
1.0,0.0,0.5,0.72,0.43,1.0
0.0,1.0,0.62,0.76,0.55,0.0
2.0,0.0,0.5,0.76,0.55,0.0
3.0,0.0,0.5,0.74,0.22,0.0
3.0,0.0,0.5,0.79,0.04,1.0
6.0,1.0,0.5,0.76,0.55,0.0
3.0,0.0,0.5,0.74,0.22,0.0
5.0,1.0,0.5,0.78,0.11,0.0
2.0,1.0,0.12,0.76,0.55,0.0
3.0,1.0,0.5,0.74,0.22,1.0
3.0,1.0,0.5,0.79,0.04,0.0
3.0,1.0,0.5,0.79,0.04,0.0
0.0,1.0,0.62,0.76,0.55,0.0
1.0,0.0,0.75,0.76,0.55,0.0
4.0,1.0,0.5,0.78,0.09,0.0
1.0,1.0,0.75,0.76,0.55,0.0
5.0,1.0,0.5,0.78,0.11,0.0
2.0,0.0,0.5,0.76,0.55,0.0
4.0,1.0,0.5,0.78,0.09,0.0
2.0,1.0,0.5,0.76,0.55,0.0
0.0,1.0,0.62,0.76,0.55,0.0
6.0,1.0,0.5,0.76,0.55,1.0
2.0,0.0,0.5,0.76,0.55,0.0
2.0,1.0,0.5,0.76,0.55,0.0
0.0,1.0,0.38,0.74,0.26,3.0
2.0,0.0,0.25,0.79,0.04,3.0
4.0,1.0,0.25,0.78,0.11,2.0
4.0,1.0,0.5,0.78,0.09,0.0
4.0,1.0,0.5,0.78,0.09,2.0
1.0,0.0,0.75,0.72,0.43,0.0
5.0,1.0,0.5,0.78,0.11,0.0
6.0,0.0,0.62,0.72,0.43,0.0
4.0,1.0,0.38,0.74,0.19,1.0
5.0,0.0,0.5,0.73,0.24,1.0
4.0,0.0,0.5,0.78,0.11,1.0
1.0,1.0,0.75,0.76,0.55,0.0
2.0,1.0,0.5,0.76,0.55,0.0
5.0,1.0,0.5,0.78,0.11,0.0
4.0,1.0,0.5,0.78,0.09,0.0
2.0,0.0,0.5,0.76,0.55,0.0
6.0,1.0,0.5,0.76,0.55,0.0
2.0,0.0,0.5,0.76,0.55,0.0
2.0,1.0,0.12,0.76,0.55,1.0
4.0,0.0,0.5,0.78,0.11,2.0
2.0,0.0,0.5,0.76,0.55,0.0
4.0,1.0,0.5,0.78,0.13,3.0
2.0,1.0,0.25,0.76,0.55,0.0
0.0,0.0,0.62,0.72,0.43,0.0
1.0,1.0,0.75,0.76,0.55,0.0
2.0,1.0,0.25,0.76,0.55,0.0
6.0,0.0,0.5,0.72,0.42,0.0
0.0,0.0,0.62,0.72,0.43,0.0
1.0,1.0,0.5,0.76,0.55,0.0
2.0,1.0,0.12,0.76,0.55,2.0
1.0,0.0,0.5,0.72,0.43,0.0
0.0,1.0,0.5,0.76,0.55,1.0
6.0,0.0,0.62,0.72,0.4,2.0
1.0,1.0,0.5,0.76,0.55,3.0
4.0,0.0,0.5,0.78,0.09,0.0
2.0,0.0,0.5,0.76,0.55,0.0
1.0,1.0,0.75,0.76,0.55,0.0
4.0,0.0,0.5,0.75,0.19,0.0
1.0,1.0,0.5,0.76,0.55,0.0
5.0,0.0,0.62,0.74,0.2,0.0
0.0,0.0,0.62,0.76,0.55,0.0
0.0,1.0,0.62,0.75,0.28,0.0
5.0,1.0,0.5,0.75,0.15,0.0
6.0,1.0,0.5,0.76,0.55,2.0
0.0,1.0,0.38,0.74,0.26,2.0
1.0,0.0,0.75,0.72,0.43,0.0
2.0,1.0,0.12,0.76,0.55,0.0
6.0,1.0,0.5,0.76,0.55,2.0
4.0,0.0,0.5,0.75,0.19,0.0
5.0,1.0,0.25,0.77,0.15,2.0
0.0,0.0,0.62,0.71,0.46,1.0
0.0,0.0,0.25,0.74,0.26,2.0
2.0,0.0,0.5,0.76,0.55,0.0
4.0,1.0,0.5,0.78,0.09,0.0
4.0,1.0,0.25,0.78,0.11,0.0
5.0,0.0,0.62,0.73,0.23,0.0
5.0,1.0,0.5,0.78,0.11,0.0
4.0,0.0,0.5,0.74,0.19,0.0
3.0,0.0,0.5,0.78,0.09,2.0
3.0,0.0,0.5,0.74,0.22,0.0
2.0,0.0,0.38,0.76,0.55,0.0
1.0,1.0,0.5,0.72,0.43,1.0
2.0,0.0,0.5,0.76,0.55,0.0
3.0,0.0,0.5,0.78,0.09,3.0
1.0,1.0,0.75,0.76,0.55,0.0
6.0,1.0,0.38,0.76,0.55,3.0
2.0,0.0,0.5,0.76,0.55,0.0
6.0,1.0,0.38,0.76,0.55,3.0
2.0,0.0,0.5,0.76,0.55,1.0
6.0,0.0,0.62,0.72,0.4,1.0
6.0,0.0,0.5,0.74,0.31,2.0
2.0,1.0,0.5,0.76,0.55,0.0
6.0,0.0,0.5,0.72,0.42,0.0
0.0,0.0,0.62,0.72,0.42,0.0
6.0,1.0,0.5,0.76,0.55,0.0
4.0,1.0,0.25,0.78,0.11,2.0
6.0,1.0,0.5,0.76,0.55,2.0
3.0,0.0,0.5,0.79,0.04,0.0
2.0,0.0,0.5,0.76,0.55,0.0
2.0,0.0,0.25,0.79,0.04,2.0
6.0,1.0,0.5,0.76,0.55,0.0
3.0,1.0,0.5,0.74,0.22,0.0
1.0,1.0,0.75,0.76,0.55,0.0
6.0,1.0,0.5,0.76,0.55,2.0
2.0,0.0,0.12,0.79,0.04,2.0
6.0,0.0,0.5,0.72,0.42,2.0
4.0,0.0,0.5,0.75,0.19,0.0
3.0,0.0,0.5,0.74,0.22,0.0
3.0,0.0,0.5,0.78,0.09,1.0
5.0,1.0,0.5,0.78,0.11,0.0
4.0,0.0,0.5,0.75,0.19,0.0
1.0,0.0,0.75,0.72,0.43,0.0
6.0,1.0,0.5,0.76,0.55,0.0
6.0,1.0,0.25,0.76,0.55,2.0
2.0,1.0,0.12,0.76,0.55,2.0
3.0,0.0,0.5,0.79,0.04,0.0
2.0,0.0,0.12,0.76,0.55,0.0
6.0,1.0,0.5,0.76,0.55,0.0
0.0,1.0,0.62,0.76,0.55,0.0
4.0,0.0,0.25,0.78,0.11,1.0
0.0,0.0,0.62,0.71,0.46,2.0
1.0,0.0,0.75,0.72,0.43,0.0
3.0,0.0,0.5,0.74,0.22,0.0
5.0,1.0,0.25,0.76,0.55,0.0
5.0,1.0,0.25,0.77,0.14,3.0
2.0,1.0,0.12,0.76,0.55,2.0
5.0,0.0,0.75,0.74,0.21,0.0
6.0,1.0,0.5,0.76,0.55,0.0
6.0,1.0,0.5,0.76,0.55,0.0
5.0,0.0,0.75,0.74,0.21,0.0
1.0,1.0,0.75,0.76,0.55,0.0
0.0,0.0,0.25,0.74,0.26,2.0
1.0,0.0,0.5,0.72,0.43,0.0
3.0,1.0,0.5,0.78,0.09,2.0
0.0,1.0,0.25,0.76,0.55,1.0
6.0,0.0,0.5,0.74,0.31,2.0
5.0,1.0,0.25,0.76,0.55,0.0
0.0,1.0,0.25,0.75,0.26,3.0
2.0,1.0,0.12,0.76,0.55,0.0
4.0,1.0,0.5,0.78,0.09,0.0
4.0,0.0,0.5,0.75,0.18,0.0
4.0,1.0,0.5,0.78,0.11,2.0
2.0,0.0,0.38,0.76,0.55,0.0
1.0,1.0,0.75,0.76,0.55,0.0
5.0,0.0,0.75,0.73,0.23,0.0
4.0,1.0,0.5,0.74,0.19,2.0
5.0,0.0,0.5,0.73,0.23,0.0
5.0,0.0,0.38,0.76,0.55,2.0
0.0,1.0,0.62,0.76,0.55,0.0
6.0,0.0,0.62,0.72,0.43,1.0
1.0,1.0,0.5,0.72,0.43,0.0
6.0,0.0,0.5,0.73,0.39,0.0
4.0,1.0,0.5,0.78,0.09,0.0
1.0,0.0,0.75,0.72,0.43,0.0
5.0,1.0,0.62,0.74,0.18,0.0
1.0,0.0,0.75,0.72,0.43,0.0
1.0,1.0,0.75,0.76,0.55,0.0
2.0,1.0,0.12,0.76,0.55,3.0
3.0,1.0,0.5,0.79,0.04,0.0
1.0,1.0,0.25,0.72,0.43,0.0
4.0,0.0,0.5,0.75,0.18,0.0
3.0,0.0,0.5,0.79,0.04,0.0
4.0,1.0,0.5,0.75,0.19,2.0
0.0,0.0,0.62,0.76,0.55,0.0
4.0,0.0,0.5,0.78,0.09,0.0
6.0,1.0,0.25,0.76,0.55,2.0
5.0,1.0,0.62,0.74,0.17,0.0
6.0,1.0,0.38,0.76,0.55,3.0
4.0,0.0,0.25,0.78,0.11,2.0
5.0,0.0,0.75,0.74,0.21,0.0
5.0,1.0,0.5,0.78,0.11,0.0
3.0,1.0,0.5,0.74,0.22,0.0
3.0,1.0,0.5,0.74,0.22,2.0
6.0,1.0,0.25,0.76,0.55,3.0
6.0,1.0,0.5,0.76,0.55,0.0
0.0,1.0,0.25,0.75,0.26,3.0
6.0,0.0,0.62,0.72,0.43,1.0
1.0,0.0,0.75,0.72,0.43,0.0
5.0,0.0,0.5,0.75,0.16,0.0
2.0,0.0,0.5,0.76,0.55,0.0
2.0,1.0,0.5,0.76,0.55,0.0
4.0,0.0,0.5,0.74,0.19,0.0
1.0,1.0,0.25,0.76,0.55,2.0
0.0,0.0,0.62,0.71,0.46,2.0
6.0,0.0,0.5,0.76,0.55,1.0
5.0,0.0,0.62,0.73,0.23,0.0
6.0,1.0,0.5,0.76,0.55,0.0
3.0,0.0,0.5,0.79,0.04,0.0
4.0,0.0,0.5,0.74,0.19,0.0
0.0,0.0,0.5,0.73,0.35,1.0
5.0,0.0,0.5,0.75,0.16,0.0
1.0,1.0,0.5,0.76,0.55,2.0
2.0,1.0,0.5,0.76,0.55,0.0
0.0,1.0,0.62,0.76,0.55,0.0
0.0,1.0,0.62,0.76,0.55,0.0
6.0,0.0,0.62,0.72,0.4,1.0
6.0,1.0,0.5,0.76,0.55,0.0
3.0,1.0,0.5,0.79,0.04,0.0
1.0,1.0,0.75,0.76,0.55,0.0
4.0,1.0,0.5,0.78,0.09,0.0
2.0,0.0,0.5,0.76,0.55,0.0
4.0,1.0,0.5,0.75,0.19,1.0
3.0,0.0,0.5,0.78,0.09,3.0
5.0,0.0,0.75,0.74,0.21,0.0
0.0,1.0,0.38,0.76,0.55,2.0
1.0,0.0,0.75,0.72,0.39,0.0
2.0,0.0,0.5,0.76,0.55,0.0
2.0,0.0,0.5,0.76,0.55,1.0
6.0,1.0,0.5,0.76,0.55,0.0
6.0,0.0,0.5,0.72,0.37,2.0
3.0,1.0,0.5,0.79,0.04,0.0
6.0,0.0,0.62,0.72,0.4,2.0
0.0,0.0,0.62,0.72,0.43,0.0
0.0,1.0,0.62,0.76,0.55,0.0
3.0,1.0,0.5,0.78,0.09,2.0
5.0,1.0,0.5,0.78,0.11,0.0
1.0,1.0,0.5,0.72,0.43,0.0
3.0,0.0,0.5,0.74,0.22,0.0
0.0,0.0,0.5,0.73,0.38,2.0
0.0,1.0,0.25,0.75,0.26,3.0
6.0,1.0,0.5,0.76,0.55,0.0
3.0,1.0,0.38,0.78,0.09,2.0
2.0,0.0,0.5,0.76,0.55,0.0
1.0,1.0,0.5,0.76,0.55,1.0
1.0,0.0,0.75,0.72,0.43,0.0
5.0,1.0,0.62,0.74,0.18,0.0
5.0,1.0,0.25,0.77,0.15,3.0
5.0,0.0,0.38,0.73,0.24,1.0
5.0,1.0,0.12,0.76,0.55,1.0
2.0,1.0,0.5,0.76,0.55,0.0
2.0,1.0,0.12,0.79,0.03,2.0
0.0,0.0,0.5,0.73,0.38,1.0
1.0,0.0,0.62,0.72,0.43,0.0
6.0,0.0,0.5,0.74,0.31,1.0
0.0,0.0,0.62,0.72,0.44,2.0
0.0,0.0,0.62,0.72,0.42,2.0
6.0,1.0,0.5,0.76,0.55,3.0
2.0,0.0,0.5,0.76,0.55,0.0
4.0,1.0,0.25,0.78,0.11,2.0
4.0,0.0,0.5,0.75,0.19,0.0
0.0,1.0,0.62,0.75,0.28,0.0
5.0,1.0,0.5,0.78,0.11,0.0
4.0,1.0,0.25,0.78,0.11,0.0
4.0,0.0,0.5,0.75,0.19,1.0
5.0,1.0,0.5,0.78,0.11,0.0
5.0,0.0,0.75,0.74,0.21,0.0
6.0,0.0,0.62,0.72,0.4,1.0
5.0,0.0,0.62,0.74,0.18,0.0
1.0,0.0,0.12,0.76,0.55,3.0
5.0,0.0,0.5,0.75,0.16,0.0
4.0,1.0,0.25,0.78,0.11,2.0
5.0,1.0,0.5,0.78,0.11,0.0
3.0,0.0,0.5,0.74,0.22,0.0
6.0,0.0,0.38,0.76,0.55,3.0
3.0,1.0,0.5,0.79,0.04,0.0
1.0,0.0,0.5,0.72,0.43,0.0
5.0,0.0,0.25,0.73,0.25,0.0
5.0,0.0,0.62,0.73,0.23,0.0
6.0,0.0,0.5,0.73,0.39,0.0
1.0,1.0,0.75,0.76,0.55,0.0
4.0,1.0,0.5,0.78,0.09,0.0
1.0,1.0,0.75,0.76,0.55,0.0
5.0,1.0,0.38,0.77,0.14,3.0
6.0,0.0,0.38,0.76,0.55,3.0
5.0,0.0,0.38,0.73,0.25,0.0
5.0,0.0,0.62,0.73,0.23,0.0
5.0,0.0,0.25,0.77,0.15,3.0
6.0,1.0,0.25,0.76,0.55,3.0
4.0,0.0,0.5,0.74,0.19,0.0
3.0,0.0,0.5,0.74,0.22,2.0
3.0,1.0,0.5,0.74,0.22,1.0
2.0,0.0,0.5,0.76,0.55,0.0
0.0,0.0,0.62,0.76,0.55,0.0
5.0,0.0,0.5,0.73,0.23,0.0
4.0,0.0,0.5,0.78,0.09,0.0
5.0,0.0,0.62,0.73,0.23,0.0
0.0,0.0,0.62,0.72,0.44,2.0
2.0,0.0,0.25,0.76,0.55,2.0
0.0,1.0,0.38,0.76,0.55,2.0
5.0,1.0,0.25,0.77,0.14,3.0
3.0,1.0,0.5,0.79,0.04,0.0
3.0,1.0,0.38,0.78,0.09,0.0
1.0,0.0,0.5,0.72,0.43,0.0
6.0,0.0,0.38,0.76,0.55,3.0
4.0,1.0,0.5,0.75,0.19,0.0
0.0,1.0,0.62,0.75,0.28,0.0
5.0,1.0,0.12,0.77,0.14,3.0
5.0,1.0,0.62,0.74,0.18,0.0
6.0,1.0,0.5,0.76,0.55,0.0
0.0,0.0,0.62,0.72,0.43,0.0
3.0,0.0,0.5,0.79,0.04,0.0
5.0,0.0,0.25,0.77,0.15,3.0
1.0,0.0,0.75,0.72,0.43,2.0
1.0,0.0,0.75,0.72,0.43,0.0
5.0,0.0,0.75,0.73,0.23,0.0
6.0,0.0,0.5,0.74,0.31,2.0
2.0,0.0,0.5,0.76,0.55,0.0
2.0,0.0,0.5,0.76,0.55,0.0
6.0,0.0,0.5,0.76,0.55,2.0
1.0,1.0,0.75,0.76,0.55,0.0
0.0,0.0,0.25,0.75,0.26,3.0
6.0,0.0,0.5,0.76,0.55,1.0
3.0,1.0,0.5,0.79,0.04,0.0
0.0,1.0,0.38,0.74,0.26,2.0
0.0,1.0,0.62,0.76,0.55,0.0
0.0,0.0,0.62,0.71,0.46,1.0
0.0,0.0,0.25,0.74,0.26,3.0
5.0,1.0,0.62,0.74,0.18,0.0
5.0,0.0,0.5,0.75,0.16,0.0
2.0,1.0,0.12,0.8,0.03,2.0
4.0,1.0,0.5,0.78,0.13,2.0
0.0,0.0,0.62,0.72,0.43,1.0
2.0,0.0,0.5,0.76,0.55,0.0
0.0,1.0,0.62,0.76,0.55,0.0
4.0,0.0,0.5,0.75,0.19,0.0
1.0,1.0,0.62,0.76,0.55,0.0
6.0,1.0,0.5,0.76,0.55,0.0
5.0,0.0,0.25,0.77,0.15,2.0
3.0,1.0,0.5,0.74,0.22,0.0
5.0,0.0,0.38,0.76,0.55,2.0
0.0,0.0,0.62,0.72,0.43,1.0
0.0,0.0,0.5,0.74,0.33,3.0
0.0,0.0,0.5,0.73,0.35,1.0
0.0,0.0,0.5,0.73,0.35,3.0
5.0,1.0,0.12,0.77,0.14,3.0
4.0,0.0,0.5,0.74,0.19,0.0
3.0,1.0,0.5,0.79,0.04,0.0
6.0,0.0,0.5,0.74,0.31,2.0
3.0,1.0,0.5,0.74,0.22,1.0
5.0,0.0,0.62,0.73,0.37,0.0
3.0,1.0,0.5,0.79,0.04,0.0
2.0,1.0,0.5,0.76,0.55,0.0
6.0,1.0,0.5,0.76,0.55,2.0
6.0,0.0,0.5,0.76,0.55,0.0
2.0,0.0,0.5,0.76,0.55,0.0
5.0,0.0,0.62,0.74,0.2,0.0
4.0,1.0,0.5,0.78,0.09,0.0
1.0,1.0,0.5,0.72,0.43,3.0
3.0,0.0,0.5,0.74,0.22,0.0
5.0,1.0,0.38,0.77,0.14,3.0
0.0,0.0,0.5,0.73,0.38,2.0
6.0,1.0,0.5,0.76,0.55,0.0
6.0,0.0,0.5,0.74,0.31,2.0
2.0,0.0,0.5,0.76,0.55,0.0
2.0,1.0,0.12,0.8,0.03,2.0
5.0,1.0,0.5,0.78,0.11,0.0
0.0,1.0,0.62,0.74,0.35,0.0
3.0,1.0,0.5,0.79,0.04,0.0
6.0,1.0,0.5,0.76,0.55,0.0
3.0,1.0,0.5,0.78,0.09,1.0
5.0,1.0,0.25,0.77,0.15,3.0
1.0,1.0,0.75,0.76,0.55,0.0
5.0,0.0,0.5,0.73,0.24,1.0
4.0,1.0,0.5,0.78,0.09,0.0
2.0,1.0,0.12,0.76,0.55,2.0
6.0,0.0,0.5,0.76,0.55,0.0
3.0,0.0,0.5,0.74,0.21,2.0
0.0,1.0,0.25,0.75,0.26,2.0
5.0,1.0,0.25,0.77,0.15,2.0
4.0,1.0,0.25,0.78,0.11,3.0
4.0,0.0,0.5,0.74,0.18,0.0
0.0,0.0,0.62,0.76,0.55,1.0
3.0,0.0,0.5,0.74,0.22,0.0
6.0,0.0,0.5,0.72,0.37,1.0
0.0,0.0,0.5,0.73,0.35,2.0
0.0,1.0,0.62,0.76,0.55,0.0
4.0,1.0,0.5,0.78,0.09,0.0
4.0,1.0,0.38,0.78,0.11,2.0
1.0,0.0,0.62,0.72,0.43,0.0
5.0,0.0,0.5,0.75,0.16,1.0
6.0,0.0,0.5,0.76,0.55,1.0
1.0,0.0,0.75,0.72,0.43,0.0
2.0,1.0,0.5,0.76,0.55,0.0
4.0,0.0,0.5,0.75,0.19,0.0
5.0,1.0,0.25,0.77,0.15,2.0
2.0,0.0,0.5,0.76,0.55,0.0
4.0,1.0,0.5,0.78,0.09,0.0
5.0,0.0,0.62,0.73,0.23,0.0
0.0,0.0,0.62,0.71,0.46,2.0
1.0,1.0,0.75,0.76,0.55,0.0
5.0,0.0,0.62,0.73,0.37,0.0
0.0,0.0,0.5,0.73,0.38,2.0
1.0,0.0,0.5,0.72,0.43,0.0
6.0,0.0,0.5,0.73,0.37,1.0
1.0,1.0,0.5,0.76,0.55,2.0
2.0,1.0,0.5,0.76,0.55,0.0
3.0,1.0,0.5,0.79,0.04,0.0
4.0,1.0,0.5,0.78,0.13,2.0
6.0,0.0,0.62,0.72,0.43,1.0
3.0,0.0,0.5,0.74,0.22,1.0
1.0,0.0,0.75,0.72,0.43,0.0
1.0,0.0,0.75,0.72,0.43,1.0
0.0,0.0,0.5,0.73,0.38,1.0
6.0,0.0,0.5,0.72,0.42,0.0
0.0,1.0,0.5,0.76,0.55,0.0
2.0,0.0,0.5,0.76,0.55,0.0
0.0,0.0,0.25,0.76,0.55,2.0
2.0,1.0,0.5,0.76,0.55,0.0
3.0,1.0,0.5,0.79,0.04,0.0
0.0,0.0,0.25,0.74,0.26,2.0
5.0,0.0,0.25,0.77,0.15,3.0
6.0,1.0,0.5,0.76,0.55,0.0
0.0,1.0,0.38,0.74,0.26,3.0
3.0,0.0,0.25,0.78,0.09,2.0
5.0,1.0,0.5,0.78,0.11,0.0
4.0,1.0,0.25,0.78,0.11,1.0
2.0,0.0,0.12,0.79,0.03,3.0
5.0,1.0,0.25,0.76,0.55,0.0
2.0,0.0,0.25,0.76,0.55,1.0
1.0,0.0,0.75,0.72,0.43,0.0
5.0,0.0,0.38,0.73,0.25,0.0
5.0,0.0,0.12,0.76,0.55,1.0
5.0,1.0,0.5,0.78,0.11,0.0
2.0,0.0,0.5,0.76,0.55,0.0
5.0,1.0,0.62,0.78,0.11,0.0
1.0,1.0,0.5,0.72,0.43,0.0
0.0,0.0,0.5,0.73,0.35,2.0
1.0,1.0,0.75,0.76,0.55,0.0
4.0,0.0,0.5,0.78,0.09,0.0
1.0,0.0,0.75,0.72,0.43,0.0
5.0,1.0,0.25,0.77,0.15,3.0
3.0,0.0,0.5,0.74,0.22,0.0
2.0,0.0,0.12,0.79,0.04,2.0
6.0,0.0,0.5,0.72,0.37,3.0
3.0,0.0,0.5,0.74,0.2,1.0
0.0,1.0,0.62,0.76,0.55,0.0
5.0,1.0,0.25,0.77,0.15,3.0
3.0,0.0,0.5,0.74,0.22,0.0
2.0,1.0,0.5,0.76,0.55,0.0
1.0,1.0,0.75,0.76,0.55,0.0
6.0,0.0,0.62,0.72,0.4,1.0
5.0,0.0,0.38,0.77,0.15,3.0
6.0,1.0,0.5,0.76,0.55,1.0
5.0,1.0,0.5,0.78,0.11,0.0
3.0,1.0,0.5,0.79,0.04,0.0
3.0,1.0,0.38,0.78,0.09,2.0
3.0,1.0,0.5,0.79,0.04,0.0
3.0,0.0,0.5,0.74,0.22,0.0
2.0,1.0,0.12,0.76,0.55,3.0
2.0,1.0,0.25,0.76,0.55,0.0
0.0,0.0,0.62,0.72,0.44,2.0
4.0,0.0,0.5,0.75,0.19,0.0
5.0,0.0,0.62,0.74,0.2,0.0
3.0,1.0,0.5,0.78,0.09,2.0
0.0,1.0,0.38,0.75,0.26,1.0
2.0,0.0,0.5,0.76,0.55,0.0
2.0,1.0,0.12,0.76,0.55,0.0
5.0,1.0,0.62,0.78,0.11,0.0
5.0,0.0,0.38,0.77,0.15,3.0
0.0,0.0,0.62,0.71,0.46,3.0
6.0,0.0,0.38,0.76,0.55,3.0
4.0,1.0,0.5,0.78,0.09,0.0
4.0,0.0,0.5,0.74,0.19,0.0
2.0,0.0,0.5,0.76,0.55,0.0
4.0,1.0,0.5,0.78,0.09,0.0
2.0,0.0,0.5,0.76,0.55,0.0
6.0,0.0,0.5,0.72,0.37,3.0
4.0,0.0,0.5,0.74,0.19,0.0
0.0,0.0,0.62,0.72,0.42,3.0
3.0,0.0,0.5,0.79,0.04,0.0
0.0,0.0,0.62,0.72,0.43,0.0
0.0,1.0,0.25,0.75,0.26,2.0
3.0,0.0,0.5,0.79,0.04,1.0
1.0,0.0,0.12,0.76,0.55,1.0
4.0,0.0,0.5,0.74,0.19,0.0
6.0,1.0,0.5,0.76,0.55,2.0
1.0,1.0,0.25,0.76,0.55,0.0
5.0,0.0,0.5,0.73,0.23,1.0
4.0,1.0,0.25,0.78,0.11,2.0
0.0,0.0,0.62,0.71,0.46,2.0
6.0,0.0,0.5,0.74,0.31,2.0
2.0,0.0,0.5,0.76,0.55,0.0
5.0,1.0,0.25,0.77,0.14,3.0
3.0,0.0,0.5,0.74,0.22,0.0
1.0,0.0,0.5,0.72,0.43,1.0
1.0,1.0,0.5,0.76,0.55,2.0
5.0,0.0,0.25,0.77,0.15,3.0
6.0,1.0,0.38,0.76,0.55,3.0
3.0,1.0,0.5,0.78,0.09,0.0
3.0,0.0,0.5,0.74,0.22,0.0
5.0,0.0,0.38,0.77,0.15,3.0
3.0,1.0,0.5,0.74,0.22,1.0
5.0,1.0,0.62,0.74,0.17,0.0
1.0,0.0,0.75,0.72,0.43,0.0
2.0,1.0,0.5,0.76,0.55,0.0
4.0,0.0,0.5,0.75,0.19,1.0
3.0,0.0,0.5,0.74,0.22,0.0
4.0,0.0,0.5,0.75,0.19,0.0
0.0,1.0,0.5,0.76,0.55,2.0
5.0,1.0,0.5,0.78,0.11,0.0
3.0,0.0,0.5,0.74,0.22,0.0
0.0,0.0,0.62,0.71,0.46,1.0
6.0,1.0,0.5,0.76,0.55,0.0
1.0,1.0,0.5,0.72,0.43,0.0
1.0,0.0,0.5,0.72,0.43,0.0
0.0,0.0,0.62,0.72,0.43,0.0
0.0,1.0,0.62,0.75,0.28,0.0
2.0,1.0,0.5,0.76,0.55,0.0
5.0,0.0,0.5,0.75,0.16,0.0
4.0,0.0,0.5,0.74,0.19,1.0
3.0,1.0,0.5,0.78,0.09,2.0
5.0,0.0,0.62,0.73,0.23,0.0
0.0,0.0,0.5,0.76,0.55,2.0
1.0,1.0,0.5,0.72,0.43,2.0
1.0,1.0,0.75,0.76,0.55,0.0
1.0,1.0,0.75,0.76,0.55,0.0
3.0,1.0,0.5,0.79,0.04,0.0
3.0,0.0,0.5,0.79,0.04,0.0
1.0,0.0,0.75,0.72,0.43,0.0
3.0,0.0,0.5,0.74,0.22,0.0
2.0,1.0,0.12,0.76,0.55,2.0
4.0,1.0,0.5,0.78,0.09,0.0
2.0,0.0,0.5,0.76,0.55,0.0
2.0,0.0,0.5,0.76,0.55,0.0
1.0,0.0,0.5,0.72,0.43,2.0
0.0,1.0,0.62,0.76,0.55,0.0
3.0,0.0,0.5,0.79,0.04,0.0
3.0,1.0,0.5,0.79,0.04,0.0
1.0,1.0,0.5,0.72,0.43,2.0
6.0,1.0,0.5,0.76,0.55,0.0
2.0,1.0,0.5,0.76,0.55,0.0
2.0,0.0,0.5,0.76,0.55,1.0
0.0,0.0,0.62,0.72,0.43,0.0
5.0,0.0,0.62,0.73,0.23,0.0
4.0,0.0,0.5,0.74,0.19,0.0
5.0,0.0,0.62,0.73,0.23,0.0
1.0,0.0,0.75,0.73,0.39,0.0
4.0,1.0,0.5,0.78,0.09,0.0
0.0,0.0,0.25,0.75,0.26,3.0
4.0,0.0,0.5,0.75,0.19,0.0
0.0,1.0,0.25,0.75,0.26,3.0
2.0,0.0,0.5,0.76,0.55,0.0
1.0,1.0,0.5,0.72,0.43,0.0
3.0,0.0,0.5,0.74,0.22,0.0
4.0,1.0,0.5,0.78,0.11,2.0
4.0,0.0,0.5,0.75,0.19,0.0
6.0,0.0,0.5,0.73,0.37,2.0
3.0,0.0,0.5,0.79,0.04,0.0
1.0,1.0,0.5,0.76,0.55,2.0
6.0,0.0,0.38,0.76,0.55,3.0
0.0,0.0,0.62,0.72,0.43,3.0
3.0,0.0,0.5,0.79,0.04,0.0
5.0,1.0,0.62,0.74,0.17,0.0
4.0,0.0,0.5,0.74,0.18,0.0
1.0,1.0,0.75,0.76,0.55,0.0
4.0,1.0,0.5,0.78,0.09,0.0
3.0,1.0,0.5,0.79,0.04,0.0
4.0,1.0,0.38,0.78,0.11,2.0
1.0,0.0,0.75,0.72,0.43,0.0
2.0,0.0,0.5,0.76,0.55,0.0
1.0,1.0,0.5,0.72,0.43,2.0
2.0,0.0,0.5,0.76,0.55,0.0
4.0,1.0,0.5,0.78,0.09,0.0
6.0,0.0,0.5,0.72,0.37,2.0
1.0,0.0,0.5,0.72,0.43,2.0
4.0,1.0,0.25,0.78,0.11,0.0
6.0,1.0,0.5,0.76,0.55,3.0
6.0,0.0,0.38,0.76,0.55,3.0
1.0,1.0,0.75,0.76,0.55,1.0
0.0,1.0,0.38,0.74,0.26,2.0
6.0,1.0,0.38,0.76,0.55,3.0
2.0,1.0,0.25,0.76,0.55,0.0
2.0,1.0,0.25,0.76,0.55,0.0
5.0,1.0,0.12,0.77,0.14,3.0
1.0,1.0,0.25,0.76,0.55,1.0
5.0,0.0,0.5,0.75,0.15,1.0
5.0,1.0,0.62,0.74,0.18,0.0
3.0,1.0,0.5,0.79,0.04,0.0
1.0,1.0,0.38,0.76,0.55,0.0
1.0,1.0,0.5,0.76,0.55,2.0
6.0,1.0,0.5,0.76,0.55,0.0
6.0,1.0,0.5,0.76,0.55,0.0
5.0,1.0,0.5,0.75,0.15,0.0
2.0,0.0,0.12,0.79,0.03,2.0
3.0,0.0,0.5,0.79,0.04,0.0
3.0,0.0,0.5,0.74,0.22,0.0
3.0,1.0,0.5,0.78,0.09,0.0
6.0,0.0,0.62,0.72,0.43,1.0
6.0,0.0,0.5,0.72,0.42,0.0
2.0,1.0,0.5,0.76,0.55,0.0
1.0,0.0,0.5,0.72,0.43,0.0
2.0,1.0,0.5,0.76,0.55,0.0
6.0,1.0,0.5,0.76,0.55,0.0
5.0,1.0,0.25,0.77,0.15,2.0
5.0,1.0,0.62,0.74,0.18,0.0
1.0,1.0,0.38,0.76,0.55,3.0
2.0,1.0,0.5,0.76,0.55,0.0
5.0,1.0,0.5,0.78,0.11,0.0
1.0,0.0,0.5,0.72,0.43,0.0
0.0,1.0,0.62,0.76,0.55,0.0
1.0,1.0,0.75,0.76,0.55,0.0
1.0,0.0,0.75,0.72,0.43,0.0
4.0,1.0,0.38,0.74,0.19,2.0
0.0,1.0,0.5,0.76,0.55,2.0
3.0,1.0,0.5,0.78,0.09,0.0
5.0,1.0,0.25,0.76,0.55,0.0
3.0,0.0,0.5,0.79,0.04,0.0
0.0,1.0,0.25,0.75,0.26,3.0
5.0,0.0,0.12,0.76,0.55,3.0
4.0,0.0,0.5,0.74,0.19,0.0
4.0,1.0,0.5,0.78,0.09,0.0
2.0,0.0,0.25,0.76,0.55,0.0
2.0,0.0,0.5,0.76,0.55,0.0
0.0,1.0,0.25,0.75,0.26,2.0
2.0,0.0,0.5,0.76,0.55,0.0
5.0,1.0,0.5,0.75,0.15,0.0
4.0,1.0,0.5,0.78,0.09,1.0
3.0,1.0,0.5,0.74,0.22,0.0
4.0,0.0,0.25,0.78,0.11,1.0
3.0,1.0,0.5,0.78,0.09,2.0
0.0,1.0,0.62,0.74,0.35,0.0
3.0,1.0,0.5,0.79,0.04,0.0
1.0,0.0,0.5,0.72,0.43,0.0
0.0,0.0,0.62,0.71,0.46,2.0
5.0,0.0,0.38,0.73,0.24,2.0
1.0,0.0,0.75,0.72,0.43,0.0
1.0,0.0,0.75,0.72,0.43,0.0
0.0,0.0,0.62,0.72,0.43,0.0
6.0,0.0,0.5,0.72,0.37,2.0
5.0,1.0,0.5,0.78,0.11,0.0
6.0,1.0,0.5,0.76,0.55,0.0
6.0,0.0,0.38,0.76,0.55,3.0
2.0,0.0,0.12,0.79,0.03,1.0
5.0,0.0,0.62,0.74,0.2,0.0
3.0,0.0,0.5,0.79,0.04,0.0
5.0,1.0,0.38,0.77,0.14,3.0
3.0,0.0,0.5,0.79,0.04,0.0
1.0,0.0,0.75,0.72,0.43,0.0
4.0,0.0,0.5,0.75,0.19,0.0
5.0,1.0,0.5,0.75,0.15,0.0
6.0,0.0,0.5,0.76,0.55,0.0
3.0,0.0,0.5,0.79,0.04,0.0
6.0,1.0,0.5,0.76,0.55,0.0
0.0,0.0,0.62,0.72,0.43,0.0
0.0,0.0,0.5,0.73,0.38,3.0
3.0,0.0,0.5,0.78,0.09,2.0
4.0,1.0,0.5,0.78,0.13,3.0
4.0,0.0,0.5,0.75,0.19,0.0
4.0,0.0,0.5,0.78,0.09,0.0
6.0,0.0,0.5,0.72,0.42,0.0
5.0,0.0,0.38,0.77,0.15,3.0
0.0,0.0,0.25,0.74,0.26,2.0
4.0,0.0,0.5,0.74,0.19,1.0
6.0,1.0,0.5,0.76,0.55,2.0
6.0,0.0,0.62,0.72,0.43,0.0
6.0,0.0,0.38,0.76,0.55,3.0
1.0,1.0,0.75,0.76,0.55,0.0
3.0,1.0,0.5,0.79,0.04,0.0
4.0,0.0,0.5,0.74,0.19,0.0
3.0,1.0,0.5,0.79,0.04,0.0
6.0,0.0,0.5,0.74,0.31,2.0
2.0,0.0,0.5,0.76,0.55,0.0
5.0,0.0,0.62,0.74,0.2,0.0
5.0,0.0,0.12,0.76,0.55,2.0
5.0,1.0,0.5,0.78,0.11,0.0
5.0,0.0,0.75,0.73,0.23,0.0
3.0,0.0,0.5,0.74,0.22,0.0
0.0,0.0,0.62,0.72,0.43,0.0
5.0,0.0,0.5,0.73,0.23,0.0
5.0,1.0,0.5,0.78,0.11,0.0
6.0,0.0,0.62,0.72,0.43,0.0
0.0,1.0,0.38,0.74,0.26,3.0
3.0,1.0,0.5,0.78,0.09,2.0
0.0,0.0,0.5,0.73,0.35,3.0
5.0,1.0,0.5,0.78,0.11,0.0
3.0,0.0,0.5,0.79,0.04,0.0
4.0,1.0,0.5,0.78,0.13,2.0
3.0,1.0,0.5,0.74,0.22,1.0
2.0,1.0,0.25,0.76,0.55,0.0
3.0,0.0,0.5,0.79,0.04,0.0
0.0,1.0,0.62,0.76,0.55,0.0
5.0,0.0,0.38,0.73,0.25,0.0
0.0,0.0,0.5,0.73,0.35,3.0
3.0,0.0,0.5,0.79,0.04,0.0
1.0,0.0,0.5,0.72,0.43,0.0
1.0,1.0,0.5,0.76,0.55,0.0
1.0,0.0,0.5,0.72,0.43,0.0
4.0,0.0,0.5,0.75,0.19,0.0
4.0,0.0,0.5,0.74,0.19,1.0
4.0,0.0,0.5,0.74,0.19,2.0
3.0,0.0,0.5,0.79,0.04,1.0
2.0,0.0,0.5,0.76,0.55,0.0
6.0,0.0,0.5,0.72,0.42,1.0
1.0,0.0,0.5,0.72,0.43,0.0
4.0,0.0,0.5,0.74,0.19,0.0
4.0,0.0,0.5,0.74,0.19,0.0
2.0,1.0,0.5,0.76,0.55,0.0
2.0,0.0,0.5,0.76,0.55,1.0
4.0,0.0,0.5,0.74,0.19,0.0
0.0,1.0,0.25,0.75,0.26,3.0
2.0,0.0,0.5,0.76,0.55,0.0
6.0,1.0,0.5,0.76,0.55,0.0
6.0,0.0,0.62,0.72,0.4,2.0
2.0,1.0,0.5,0.76,0.55,0.0
4.0,0.0,0.5,0.74,0.19,0.0
4.0,0.0,0.5,0.74,0.19,1.0
4.0,1.0,0.5,0.75,0.19,0.0
2.0,1.0,0.25,0.76,0.55,1.0
2.0,0.0,0.25,0.76,0.55,0.0
2.0,0.0,0.12,0.76,0.55,2.0
2.0,1.0,0.12,0.76,0.55,1.0
4.0,0.0,0.5,0.78,0.11,2.0
2.0,1.0,0.25,0.76,0.55,0.0
6.0,0.0,0.5,0.74,0.31,1.0
3.0,1.0,0.5,0.79,0.04,0.0
5.0,0.0,0.5,0.73,0.24,1.0
5.0,0.0,0.62,0.73,0.37,0.0
0.0,0.0,0.5,0.73,0.38,2.0
6.0,0.0,0.5,0.72,0.42,0.0
3.0,0.0,0.5,0.79,0.04,0.0
4.0,0.0,0.5,0.78,0.09,0.0
2.0,1.0,0.12,0.76,0.55,2.0
5.0,0.0,0.25,0.77,0.15,3.0
0.0,0.0,0.62,0.72,0.43,2.0
5.0,1.0,0.38,0.77,0.14,3.0
6.0,1.0,0.5,0.76,0.55,0.0
4.0,0.0,0.25,0.78,0.11,3.0
6.0,0.0,0.62,0.72,0.4,1.0
0.0,0.0,0.25,0.75,0.26,3.0
1.0,0.0,0.5,0.72,0.43,0.0
6.0,1.0,0.38,0.76,0.55,3.0
4.0,0.0,0.5,0.74,0.19,0.0
1.0,1.0,0.5,0.76,0.55,2.0
4.0,0.0,0.5,0.78,0.09,0.0
4.0,0.0,0.5,0.78,0.09,0.0
3.0,0.0,0.5,0.74,0.22,0.0
1.0,0.0,0.75,0.72,0.43,0.0
6.0,0.0,0.38,0.76,0.55,3.0
1.0,1.0,0.75,0.76,0.55,0.0
0.0,1.0,0.62,0.76,0.55,1.0
5.0,1.0,0.12,0.77,0.14,2.0
5.0,0.0,0.5,0.75,0.16,0.0
1.0,0.0,0.75,0.72,0.43,0.0
6.0,0.0,0.5,0.74,0.31,2.0
4.0,1.0,0.5,0.78,0.09,0.0
4.0,0.0,0.5,0.74,0.19,1.0
2.0,0.0,0.5,0.76,0.55,0.0
1.0,0.0,0.25,0.76,0.55,3.0
0.0,0.0,0.25,0.75,0.26,3.0
5.0,1.0,0.38,0.77,0.14,3.0
3.0,1.0,0.5,0.74,0.21,3.0
4.0,0.0,0.5,0.75,0.18,0.0
1.0,1.0,0.75,0.76,0.55,0.0
5.0,0.0,0.62,0.73,0.37,0.0
5.0,1.0,0.38,0.77,0.14,3.0
6.0,1.0,0.5,0.76,0.55,0.0
4.0,1.0,0.5,0.78,0.09,0.0
6.0,1.0,0.5,0.76,0.55,0.0
1.0,0.0,0.62,0.72,0.43,0.0
2.0,0.0,0.25,0.76,0.55,0.0
3.0,0.0,0.5,0.74,0.22,0.0
2.0,1.0,0.5,0.76,0.55,0.0
3.0,1.0,0.38,0.74,0.19,3.0
1.0,1.0,0.75,0.76,0.55,0.0
1.0,0.0,0.25,0.76,0.55,0.0
6.0,1.0,0.5,0.76,0.55,0.0
2.0,1.0,0.12,0.79,0.03,2.0
4.0,0.0,0.5,0.75,0.18,0.0
6.0,1.0,0.38,0.76,0.55,2.0
3.0,0.0,0.38,0.74,0.22,0.0
4.0,0.0,0.5,0.74,0.19,0.0
3.0,0.0,0.5,0.74,0.21,1.0
0.0,1.0,0.62,0.74,0.35,0.0
6.0,0.0,0.5,0.73,0.39,0.0
6.0,1.0,0.5,0.76,0.55,2.0
1.0,1.0,0.62,0.76,0.55,0.0
0.0,1.0,0.5,0.75,0.26,3.0
3.0,0.0,0.5,0.74,0.22,0.0
2.0,1.0,0.5,0.76,0.55,0.0
5.0,0.0,0.62,0.74,0.18,0.0
0.0,1.0,0.62,0.76,0.55,0.0
0.0,1.0,0.62,0.76,0.55,0.0
3.0,1.0,0.38,0.74,0.22,2.0
6.0,1.0,0.38,0.76,0.55,3.0
3.0,1.0,0.5,0.74,0.22,1.0
6.0,0.0,0.5,0.72,0.37,3.0
5.0,1.0,0.25,0.76,0.55,0.0
1.0,0.0,0.75,0.72,0.43,0.0
4.0,0.0,0.5,0.74,0.19,1.0
2.0,1.0,0.5,0.76,0.55,0.0
6.0,1.0,0.38,0.76,0.55,3.0
6.0,0.0,0.38,0.76,0.55,3.0
1.0,1.0,0.5,0.76,0.55,0.0
1.0,0.0,0.75,0.73,0.39,0.0
0.0,0.0,0.25,0.75,0.26,3.0
6.0,0.0,0.5,0.72,0.42,0.0
0.0,0.0,0.62,0.72,0.42,2.0
1.0,0.0,0.5,0.72,0.43,0.0
5.0,1.0,0.5,0.75,0.15,0.0
6.0,1.0,0.38,0.76,0.55,3.0
3.0,0.0,0.5,0.79,0.04,0.0
5.0,1.0,0.5,0.78,0.11,0.0
6.0,0.0,0.5,0.72,0.42,0.0
5.0,0.0,0.62,0.74,0.2,0.0
5.0,0.0,0.38,0.76,0.55,2.0
0.0,1.0,0.62,0.76,0.55,0.0
3.0,1.0,0.5,0.79,0.04,0.0
5.0,1.0,0.62,0.74,0.18,0.0
3.0,1.0,0.5,0.74,0.22,0.0
5.0,0.0,0.75,0.74,0.21,0.0
5.0,0.0,0.25,0.76,0.55,2.0
3.0,1.0,0.5,0.79,0.04,0.0
5.0,0.0,0.62,0.74,0.2,0.0
5.0,0.0,0.5,0.75,0.15,0.0
5.0,0.0,0.62,0.73,0.23,0.0
5.0,0.0,0.75,0.74,0.21,0.0
3.0,1.0,0.5,0.79,0.04,0.0
0.0,1.0,0.5,0.75,0.26,3.0
1.0,1.0,0.5,0.72,0.43,0.0
6.0,0.0,0.62,0.72,0.4,2.0
6.0,1.0,0.5,0.76,0.55,0.0
2.0,1.0,0.12,0.76,0.55,2.0
1.0,0.0,0.25,0.76,0.55,2.0
5.0,1.0,0.25,0.77,0.14,3.0
2.0,1.0,0.12,0.76,0.55,1.0
4.0,1.0,0.5,0.78,0.09,0.0
5.0,1.0,0.38,0.77,0.15,1.0
0.0,0.0,0.5,0.73,0.38,2.0
5.0,0.0,0.25,0.77,0.15,3.0
5.0,0.0,0.62,0.73,0.37,0.0
4.0,1.0,0.25,0.78,0.11,1.0
1.0,0.0,0.5,0.72,0.43,0.0
0.0,0.0,0.62,0.72,0.42,2.0
0.0,0.0,0.5,0.73,0.38,2.0
6.0,0.0,0.62,0.72,0.43,0.0
4.0,1.0,0.5,0.78,0.09,0.0
0.0,0.0,0.62,0.72,0.42,3.0
4.0,0.0,0.5,0.74,0.19,0.0
0.0,0.0,0.5,0.73,0.35,3.0
3.0,0.0,0.5,0.79,0.04,0.0
6.0,1.0,0.5,0.76,0.55,2.0
6.0,1.0,0.5,0.76,0.55,0.0
1.0,1.0,0.5,0.72,0.43,0.0
0.0,0.0,0.62,0.72,0.42,2.0
3.0,0.0,0.5,0.78,0.09,2.0
2.0,1.0,0.12,0.76,0.55,0.0
3.0,1.0,0.5,0.79,0.04,0.0
4.0,0.0,0.5,0.78,0.09,0.0
3.0,0.0,0.5,0.74,0.22,0.0
4.0,0.0,0.5,0.74,0.19,0.0
5.0,1.0,0.5,0.78,0.11,0.0
4.0,0.0,0.5,0.75,0.18,0.0
3.0,1.0,0.5,0.79,0.04,0.0
0.0,1.0,0.62,0.76,0.55,0.0
6.0,0.0,0.62,0.72,0.43,0.0
5.0,0.0,0.25,0.76,0.55,3.0
2.0,1.0,0.5,0.76,0.55,0.0
3.0,0.0,0.5,0.78,0.09,2.0
2.0,1.0,0.5,0.76,0.55,0.0
0.0,0.0,0.5,0.76,0.55,2.0
5.0,1.0,0.25,0.76,0.55,0.0
0.0,1.0,0.25,0.75,0.26,2.0
3.0,1.0,0.5,0.79,0.04,0.0
6.0,0.0,0.38,0.76,0.55,3.0
5.0,0.0,0.62,0.73,0.23,0.0
6.0,1.0,0.5,0.76,0.55,3.0
3.0,1.0,0.38,0.74,0.19,3.0
5.0,1.0,0.5,0.78,0.11,0.0
4.0,0.0,0.25,0.78,0.11,3.0
0.0,0.0,0.5,0.73,0.35,2.0
0.0,0.0,0.62,0.76,0.55,0.0
6.0,1.0,0.38,0.76,0.55,3.0
2.0,0.0,0.25,0.79,0.04,3.0
5.0,1.0,0.5,0.78,0.11,0.0
5.0,0.0,0.25,0.77,0.15,3.0
3.0,0.0,0.5,0.79,0.04,0.0
5.0,0.0,0.62,0.74,0.2,0.0
3.0,1.0,0.5,0.74,0.22,0.0
1.0,0.0,0.75,0.72,0.43,0.0
2.0,0.0,0.5,0.76,0.55,0.0
6.0,1.0,0.5,0.76,0.55,0.0
6.0,0.0,0.5,0.76,0.55,0.0
2.0,1.0,0.12,0.76,0.55,0.0
1.0,0.0,0.5,0.72,0.43,0.0
1.0,0.0,0.5,0.72,0.43,0.0
2.0,1.0,0.5,0.76,0.55,0.0
2.0,0.0,0.25,0.76,0.55,0.0
0.0,1.0,0.38,0.74,0.26,2.0
3.0,0.0,0.5,0.78,0.09,2.0
2.0,0.0,0.5,0.76,0.55,0.0
3.0,1.0,0.5,0.79,0.04,0.0
5.0,1.0,0.5,0.78,0.11,0.0
5.0,1.0,0.38,0.77,0.15,2.0
3.0,0.0,0.5,0.74,0.22,2.0
0.0,0.0,0.25,0.74,0.26,3.0
2.0,0.0,0.25,0.79,0.04,2.0
4.0,0.0,0.5,0.75,0.19,0.0
5.0,1.0,0.38,0.77,0.14,3.0
3.0,1.0,0.5,0.79,0.04,0.0
5.0,0.0,0.25,0.73,0.25,0.0
3.0,0.0,0.5,0.74,0.22,2.0
1.0,0.0,0.5,0.72,0.43,0.0
3.0,0.0,0.5,0.74,0.22,0.0
6.0,0.0,0.5,0.76,0.55,0.0
5.0,0.0,0.25,0.76,0.55,0.0
1.0,0.0,0.5,0.72,0.43,0.0
2.0,0.0,0.25,0.76,0.55,2.0
0.0,1.0,0.62,0.76,0.55,0.0
1.0,0.0,0.25,0.76,0.55,3.0
5.0,1.0,0.5,0.78,0.11,0.0
1.0,0.0,0.25,0.76,0.55,1.0
6.0,1.0,0.5,0.76,0.55,3.0
4.0,1.0,0.38,0.74,0.19,1.0
3.0,1.0,0.5,0.79,0.04,0.0
3.0,0.0,0.5,0.74,0.22,0.0
1.0,1.0,0.5,0.72,0.43,0.0
2.0,0.0,0.5,0.76,0.55,0.0
5.0,0.0,0.5,0.7440000000000001,0.18100000000000002,1.0
6.0,0.0,0.62,0.72,0.4,1.0
1.0,1.0,0.5,0.748,0.515,1.0
6.0,0.0,0.5,0.76,0.55,1.0
4.0,0.0,0.25,0.78,0.11,1.0
0.0,1.0,0.18600000000000005,0.75,0.26,1.0
0.0,1.0,0.608,0.76,0.55,1.0
6.0,0.0,0.5,0.76,0.55,1.0
6.0,0.0,0.5,0.74,0.31,1.0
6.0,0.0,0.62,0.72,0.43,1.0
0.0,0.0,0.62,0.71,0.46,1.0
5.0,0.0,0.41,0.73,0.24,1.0
5.0,0.0,0.5,0.748,0.157,1.0
4.0,1.0,0.4370000000000001,0.745,0.19,1.0
3.0,1.0,0.5,0.74,0.22,1.0
3.0,1.0,0.5,0.74,0.22,1.0
0.0,0.0,0.5,0.73,0.38,1.0
6.0,0.0,0.5,0.76,0.55,1.0
3.0,0.0,0.5,0.79,0.04,1.0
1.0,0.0,0.612,0.72,0.43,1.0
3.0,0.0,0.5,0.74,0.21,1.0
1.0,0.0,0.7240000000000001,0.72,0.43,1.0
0.0,1.0,0.3720000000000001,0.76,0.55,1.0
0.0,1.0,0.36200000000000004,0.75,0.26,1.0
3.0,1.0,0.5,0.74,0.22,1.0
0.0,0.0,0.62,0.72,0.436,1.0
6.0,0.0,0.62,0.72,0.43,1.0
6.0,0.0,0.5,0.76,0.55,1.0
6.0,0.0,0.62,0.72,0.4,1.0
4.0,0.0,0.5,0.752,0.185,1.0
3.0,1.0,0.5,0.74,0.22,1.0
6.0,0.0,0.62,0.72,0.43,1.0
6.0,0.0,0.5,0.76,0.55,1.0
5.0,0.0,0.455,0.73,0.24,1.0
6.0,0.0,0.62,0.72,0.43,1.0
4.0,0.0,0.5,0.74,0.19,1.0
3.0,0.0,0.5,0.74,0.2,1.0
4.0,0.0,0.5,0.74,0.19,1.0
1.0,0.0,0.5,0.72,0.43,1.0
4.0,0.0,0.5,0.772,0.13,1.0
0.0,0.0,0.62,0.7290000000000001,0.493,1.0
3.0,1.0,0.5,0.74,0.22,1.0
4.0,1.0,0.25,0.78,0.11,1.0
0.0,1.0,0.17800000000000002,0.75,0.26,1.0
6.0,1.0,0.5,0.76,0.55,1.0
4.0,1.0,0.25,0.78,0.11,1.0
6.0,0.0,0.5,0.726,0.37,1.0
3.0,1.0,0.5,0.74,0.22,1.0
5.0,0.0,0.374,0.76,0.55,1.0
5.0,0.0,0.5,0.75,0.152,1.0
3.0,1.0,0.5,0.74,0.22,1.0
5.0,0.0,0.452,0.73,0.24,1.0
6.0,0.0,0.62,0.72,0.4,1.0
0.0,0.0,0.5,0.73,0.365,1.0
6.0,0.0,0.5,0.76,0.55,1.0
0.0,0.0,0.5,0.73,0.365,1.0
2.0,0.0,0.308,0.76,0.55,1.0
4.0,0.0,0.5,0.74,0.19,1.0
5.0,0.0,0.5,0.75,0.16,1.0
3.0,0.0,0.5,0.78,0.09,1.0
0.0,0.0,0.62,0.72,0.43799999999999994,1.0
0.0,0.0,0.5,0.73,0.37,1.0
0.0,0.0,0.62,0.72,0.43,1.0
3.0,0.0,0.5,0.7829999999999999,0.073,1.0
6.0,0.0,0.62,0.72,0.43,1.0
1.0,0.0,0.598,0.72,0.43,1.0
1.0,1.0,0.723,0.76,0.55,1.0
1.0,1.0,0.6559999999999999,0.76,0.55,1.0
1.0,1.0,0.5,0.721,0.4320000000000001,1.0
4.0,0.0,0.5,0.74,0.19,1.0
4.0,0.0,0.25,0.78,0.11,1.0
3.0,0.0,0.5,0.7829999999999999,0.077,1.0
1.0,0.0,0.5760000000000001,0.72,0.43,1.0
0.0,1.0,0.13,0.75,0.26,1.0
0.0,0.0,0.62,0.72,0.4370000000000001,1.0
2.0,0.0,0.5,0.76,0.55,1.0
3.0,1.0,0.5,0.74,0.22,1.0
6.0,0.0,0.62,0.72,0.4,1.0
6.0,0.0,0.62,0.72,0.43,1.0
3.0,1.0,0.5,0.74,0.22,1.0
5.0,0.0,0.5,0.735,0.21100000000000002,1.0
0.0,0.0,0.62,0.7559999999999999,0.542,1.0
5.0,0.0,0.5,0.73,0.24,1.0
4.0,0.0,0.5,0.74,0.19,1.0
3.0,1.0,0.5,0.74,0.22,1.0
2.0,1.0,0.19399999999999998,0.76,0.55,1.0
4.0,1.0,0.5,0.779,0.095,1.0
5.0,0.0,0.429,0.73,0.24,1.0
1.0,0.0,0.154,0.7559999999999999,0.539,1.0
4.0,1.0,0.25,0.78,0.11,1.0
3.0,0.0,0.5,0.74,0.21,1.0
4.0,0.0,0.5,0.779,0.11199999999999999,1.0
2.0,0.0,0.325,0.76,0.55,1.0
6.0,0.0,0.62,0.72,0.4,1.0
2.0,0.0,0.389,0.76,0.55,1.0
6.0,0.0,0.62,0.72,0.43,1.0
2.0,1.0,0.12,0.76,0.55,1.0
6.0,0.0,0.5,0.76,0.55,1.0
4.0,0.0,0.5,0.74,0.19,1.0
3.0,0.0,0.5,0.79,0.04,1.0
3.0,1.0,0.5,0.74,0.22,1.0
4.0,1.0,0.44799999999999995,0.746,0.19,1.0
6.0,0.0,0.5,0.76,0.55,1.0
4.0,0.0,0.5,0.74,0.19,1.0
6.0,0.0,0.62,0.72,0.4,1.0
6.0,0.0,0.62,0.72,0.4,1.0
4.0,1.0,0.38,0.768,0.152,1.0
4.0,1.0,0.25,0.78,0.11,1.0
0.0,1.0,0.38,0.75,0.26,1.0
1.0,0.0,0.261,0.758,0.545,1.0
3.0,1.0,0.5,0.74,0.22,1.0
0.0,0.0,0.62,0.71,0.46,1.0
2.0,1.0,0.12,0.76,0.55,1.0
4.0,1.0,0.5,0.7509999999999999,0.187,1.0
4.0,0.0,0.25,0.78,0.11,1.0
2.0,1.0,0.12,0.76,0.55,1.0
3.0,1.0,0.5,0.74,0.22,1.0
2.0,0.0,0.5,0.76,0.55,1.0
6.0,0.0,0.5,0.76,0.55,1.0
3.0,1.0,0.5,0.74,0.22,1.0
3.0,0.0,0.5,0.79,0.04,1.0
3.0,0.0,0.5,0.785,0.064,1.0
3.0,0.0,0.5,0.79,0.04,1.0
1.0,0.0,0.617,0.72,0.43,1.0
2.0,0.0,0.231,0.764,0.47200000000000003,1.0
4.0,0.0,0.25,0.78,0.11,1.0
5.0,0.0,0.5,0.75,0.151,1.0
2.0,1.0,0.222,0.76,0.55,1.0
1.0,0.0,0.62,0.72,0.43,1.0
1.0,1.0,0.5,0.747,0.511,1.0
2.0,1.0,0.12,0.76,0.55,1.0
3.0,0.0,0.5,0.79,0.04,1.0
0.0,0.0,0.62,0.748,0.529,1.0
2.0,0.0,0.5,0.76,0.55,1.0
4.0,1.0,0.49,0.7490000000000001,0.19,1.0
4.0,0.0,0.25,0.78,0.11,1.0
4.0,0.0,0.25,0.78,0.11,1.0
4.0,0.0,0.5,0.75,0.19,1.0
1.0,1.0,0.562,0.73,0.46,1.0
3.0,0.0,0.5,0.79,0.04,1.0
3.0,0.0,0.5,0.74,0.207,1.0
3.0,0.0,0.5,0.79,0.04,1.0
5.0,0.0,0.5,0.75,0.158,1.0
2.0,1.0,0.12,0.76,0.55,1.0
2.0,0.0,0.5,0.76,0.55,1.0
2.0,0.0,0.5,0.76,0.55,1.0
3.0,0.0,0.5,0.74,0.204,1.0
3.0,0.0,0.5,0.79,0.04,1.0
3.0,0.0,0.5,0.74,0.21899999999999997,1.0
0.0,0.0,0.5,0.73,0.38,1.0
2.0,1.0,0.12,0.76,0.55,1.0
0.0,0.0,0.62,0.72,0.43799999999999994,1.0
2.0,0.0,0.5,0.76,0.55,1.0
6.0,0.0,0.62,0.72,0.43,1.0
1.0,1.0,0.455,0.76,0.55,1.0
0.0,0.0,0.5,0.73,0.35700000000000004,1.0
1.0,0.0,0.5,0.72,0.43,1.0
3.0,0.0,0.5,0.79,0.04,1.0
1.0,1.0,0.43799999999999994,0.76,0.55,1.0
5.0,0.0,0.5,0.75,0.161,1.0
6.0,0.0,0.62,0.72,0.4,1.0
2.0,1.0,0.12,0.76,0.55,1.0
4.0,1.0,0.38,0.74,0.19,1.0
0.0,0.0,0.5,0.73,0.38,1.0
6.0,0.0,0.62,0.72,0.4,1.0
1.0,1.0,0.5,0.742,0.4970000000000001,1.0
6.0,0.0,0.62,0.72,0.43,1.0
4.0,1.0,0.25,0.78,0.11,1.0
4.0,0.0,0.25,0.78,0.11,1.0
3.0,0.0,0.5,0.79,0.04,1.0
5.0,1.0,0.317,0.768,0.248,1.0
6.0,0.0,0.62,0.72,0.43,1.0
3.0,1.0,0.5,0.74,0.22,1.0
4.0,0.0,0.5,0.75,0.19,1.0
6.0,0.0,0.62,0.72,0.43,1.0
0.0,1.0,0.462,0.76,0.55,1.0
3.0,1.0,0.5,0.74,0.22,1.0
0.0,0.0,0.62,0.71,0.46,1.0
5.0,0.0,0.5,0.74,0.196,1.0
2.0,1.0,0.12,0.76,0.55,1.0
0.0,0.0,0.5,0.73,0.35600000000000004,1.0
2.0,0.0,0.5,0.76,0.55,1.0
4.0,0.0,0.25,0.78,0.11,1.0
4.0,0.0,0.5,0.74,0.19,1.0
1.0,0.0,0.233,0.76,0.55,1.0
3.0,0.0,0.5,0.785,0.065,1.0
4.0,0.0,0.5,0.74,0.19,1.0
4.0,0.0,0.5,0.74,0.19,1.0
6.0,0.0,0.5,0.731,0.363,1.0
0.0,0.0,0.62,0.72,0.43,1.0
6.0,1.0,0.5,0.76,0.55,1.0
6.0,0.0,0.62,0.72,0.4,1.0
3.0,0.0,0.5,0.78,0.09,1.0
0.0,1.0,0.5379999999999999,0.76,0.55,1.0
4.0,1.0,0.38,0.74,0.19,1.0
1.0,0.0,0.5,0.72,0.43,1.0
2.0,0.0,0.5,0.76,0.55,1.0
4.0,0.0,0.25,0.78,0.11,1.0
3.0,1.0,0.5,0.74,0.22,1.0
3.0,0.0,0.5,0.74,0.217,1.0
0.0,0.0,0.5,0.73,0.35200000000000004,1.0
6.0,0.0,0.5,0.76,0.55,1.0
0.0,0.0,0.62,0.71,0.46,1.0
6.0,0.0,0.62,0.72,0.4,1.0
1.0,1.0,0.524,0.7240000000000001,0.442,1.0
4.0,0.0,0.5,0.7559999999999999,0.175,1.0
6.0,0.0,0.5,0.72,0.395,1.0
2.0,1.0,0.12,0.76,0.55,1.0
4.0,0.0,0.25,0.78,0.11,1.0
3.0,0.0,0.5,0.74,0.21,1.0
5.0,0.0,0.38,0.7490000000000001,0.433,1.0
6.0,0.0,0.5,0.76,0.55,1.0
3.0,1.0,0.5,0.74,0.22,1.0
0.0,0.0,0.62,0.71,0.46,1.0
0.0,0.0,0.62,0.72,0.439,1.0
4.0,0.0,0.5,0.74,0.19,1.0
6.0,0.0,0.5,0.76,0.55,1.0
0.0,0.0,0.62,0.7190000000000001,0.475,1.0
5.0,0.0,0.5,0.75,0.153,1.0
4.0,0.0,0.5,0.74,0.19,1.0
4.0,1.0,0.25,0.78,0.11,1.0
5.0,0.0,0.5,0.75,0.151,1.0
4.0,0.0,0.5,0.74,0.19,1.0
3.0,0.0,0.5,0.74,0.21,1.0
1.0,1.0,0.511,0.722,0.435,1.0
6.0,1.0,0.5,0.76,0.55,1.0
5.0,0.0,0.5,0.73,0.24,1.0
1.0,0.0,0.643,0.72,0.43,1.0
1.0,0.0,0.5,0.72,0.43,1.0
3.0,0.0,0.5,0.74,0.203,1.0
6.0,0.0,0.62,0.72,0.4,1.0
0.0,0.0,0.62,0.71,0.46,1.0
4.0,0.0,0.5,0.74,0.19,1.0
3.0,1.0,0.5,0.74,0.22,1.0
4.0,0.0,0.25,0.78,0.11,1.0
3.0,1.0,0.5,0.74,0.22,1.0
5.0,0.0,0.5,0.73,0.24,1.0
6.0,0.0,0.5,0.723,0.40399999999999997,1.0
5.0,0.0,0.5,0.73,0.24,1.0
3.0,1.0,0.5,0.74,0.22,1.0
4.0,0.0,0.25,0.78,0.11,1.0
2.0,1.0,0.12,0.76,0.55,1.0
4.0,0.0,0.25,0.78,0.11,1.0
2.0,1.0,0.12,0.76,0.55,1.0
2.0,1.0,0.12,0.76,0.55,1.0
6.0,0.0,0.62,0.72,0.4,1.0
3.0,1.0,0.5,0.74,0.22,1.0
2.0,1.0,0.12,0.76,0.55,1.0
0.0,1.0,0.18,0.75,0.26,1.0
6.0,0.0,0.5,0.722,0.41100000000000003,1.0
3.0,0.0,0.5,0.79,0.04,1.0
4.0,0.0,0.25,0.78,0.11,1.0
5.0,0.0,0.462,0.73,0.24,1.0
2.0,1.0,0.248,0.76,0.55,1.0
6.0,0.0,0.62,0.72,0.43,1.0
3.0,1.0,0.5,0.74,0.22,1.0
4.0,0.0,0.5,0.74,0.19,1.0
0.0,1.0,0.3670000000000001,0.76,0.55,1.0
5.0,0.0,0.289,0.76,0.55,1.0
0.0,0.0,0.62,0.72,0.431,1.0
6.0,0.0,0.62,0.72,0.4,1.0
4.0,1.0,0.25,0.78,0.11,1.0
6.0,0.0,0.62,0.72,0.4,1.0
4.0,0.0,0.5,0.74,0.19,1.0
2.0,1.0,0.12,0.76,0.55,1.0
0.0,0.0,0.62,0.718,0.474,1.0
2.0,1.0,0.12,0.76,0.55,1.0
4.0,0.0,0.5,0.74,0.19,1.0
3.0,1.0,0.5,0.74,0.22,1.0
3.0,0.0,0.5,0.79,0.04,1.0
4.0,0.0,0.5,0.75,0.19,1.0
2.0,0.0,0.5,0.76,0.55,1.0
2.0,1.0,0.12,0.76,0.55,1.0
6.0,1.0,0.5,0.76,0.55,1.0
1.0,0.0,0.264,0.758,0.5429999999999999,1.0
6.0,0.0,0.62,0.72,0.43,1.0
6.0,0.0,0.62,0.72,0.4,1.0
4.0,0.0,0.5,0.75,0.19,1.0
3.0,0.0,0.5,0.74,0.204,1.0
3.0,0.0,0.5,0.74,0.207,1.0
3.0,1.0,0.5,0.74,0.22,1.0
6.0,0.0,0.5,0.72,0.371,1.0
4.0,0.0,0.5,0.74,0.19,1.0
6.0,0.0,0.5,0.76,0.55,1.0
0.0,0.0,0.5,0.73,0.358,1.0
4.0,0.0,0.5,0.74,0.19,1.0
6.0,0.0,0.62,0.72,0.43,1.0
4.0,1.0,0.395,0.745,0.177,1.0
2.0,1.0,0.12,0.76,0.55,1.0
6.0,0.0,0.62,0.72,0.4,1.0
1.0,1.0,0.5479999999999999,0.728,0.45299999999999996,1.0
0.0,0.0,0.5,0.73,0.35700000000000004,1.0
2.0,0.0,0.5,0.76,0.55,1.0
1.0,1.0,0.295,0.76,0.55,1.0
2.0,0.0,0.5,0.76,0.55,1.0
3.0,0.0,0.5,0.74,0.21,1.0
6.0,0.0,0.62,0.72,0.43,1.0
6.0,0.0,0.62,0.72,0.4,1.0
0.0,0.0,0.5,0.73,0.35,1.0
5.0,0.0,0.38,0.7390000000000001,0.32799999999999996,1.0
6.0,1.0,0.5,0.76,0.55,1.0
4.0,1.0,0.25,0.78,0.11,1.0
6.0,0.0,0.62,0.72,0.43,1.0
5.0,0.0,0.12,0.76,0.55,1.0
4.0,0.0,0.5,0.74,0.19,1.0
0.0,1.0,0.129,0.7509999999999999,0.281,1.0
0.0,0.0,0.62,0.71,0.46,1.0
4.0,0.0,0.5,0.74,0.19,1.0
5.0,0.0,0.48200000000000004,0.73,0.24,1.0
5.0,1.0,0.207,0.763,0.41600000000000004,1.0
3.0,1.0,0.5,0.74,0.22,1.0
3.0,1.0,0.5,0.74,0.22,1.0
4.0,1.0,0.38,0.7559999999999999,0.168,1.0
2.0,1.0,0.12,0.76,0.55,1.0
4.0,1.0,0.38,0.74,0.19,1.0
6.0,0.0,0.5,0.76,0.55,1.0
6.0,0.0,0.5,0.72,0.42,1.0
6.0,0.0,0.5,0.76,0.55,1.0
2.0,0.0,0.5,0.76,0.55,1.0
4.0,0.0,0.25,0.78,0.11,1.0
6.0,0.0,0.5,0.76,0.55,1.0
6.0,0.0,0.5,0.72,0.418,1.0
4.0,1.0,0.38,0.74,0.19,1.0
1.0,0.0,0.261,0.745,0.505,1.0
0.0,0.0,0.62,0.755,0.542,1.0
0.0,0.0,0.62,0.71,0.46,1.0
4.0,0.0,0.5,0.74,0.19,1.0
1.0,1.0,0.5,0.747,0.511,1.0
0.0,0.0,0.5,0.73,0.35200000000000004,1.0
4.0,0.0,0.5,0.75,0.19,1.0
2.0,1.0,0.12,0.76,0.55,1.0
3.0,1.0,0.5,0.74,0.22,1.0
3.0,0.0,0.5,0.78,0.09,1.0
1.0,0.0,0.655,0.72,0.43,1.0
6.0,0.0,0.62,0.72,0.4,1.0
0.0,1.0,0.371,0.75,0.26,1.0
5.0,0.0,0.5,0.736,0.20800000000000002,1.0
6.0,0.0,0.62,0.72,0.43,1.0
3.0,0.0,0.5,0.79,0.04,1.0
2.0,0.0,0.5,0.76,0.55,1.0
3.0,1.0,0.5,0.74,0.22,1.0
1.0,1.0,0.336,0.76,0.55,1.0
6.0,0.0,0.5,0.76,0.55,1.0
1.0,0.0,0.5,0.72,0.43,1.0
0.0,1.0,0.213,0.757,0.467,1.0
6.0,0.0,0.5,0.76,0.55,1.0
4.0,0.0,0.5,0.74,0.19,1.0
2.0,1.0,0.12,0.76,0.55,1.0
6.0,0.0,0.62,0.72,0.4,1.0
0.0,0.0,0.62,0.72,0.434,1.0
4.0,0.0,0.5,0.74,0.19,1.0
5.0,0.0,0.5,0.733,0.218,1.0
0.0,1.0,0.535,0.76,0.55,1.0
3.0,0.0,0.5,0.74,0.21,1.0
1.0,0.0,0.75,0.72,0.43,1.0
2.0,1.0,0.12,0.76,0.55,1.0
6.0,0.0,0.62,0.72,0.43,1.0
1.0,0.0,0.602,0.72,0.43,1.0
3.0,1.0,0.5,0.74,0.22,1.0
0.0,0.0,0.62,0.72,0.43,1.0
0.0,0.0,0.62,0.71,0.46,1.0
4.0,0.0,0.5,0.74,0.19,1.0
1.0,0.0,0.5,0.72,0.43,1.0
3.0,0.0,0.5,0.79,0.04,1.0
0.0,0.0,0.62,0.72,0.434,1.0
4.0,0.0,0.5,0.75,0.19,1.0
2.0,1.0,0.12,0.76,0.55,1.0
5.0,0.0,0.5,0.73,0.23600000000000002,1.0
2.0,0.0,0.5,0.76,0.55,1.0
0.0,0.0,0.62,0.72,0.436,1.0
1.0,0.0,0.159,0.76,0.55,1.0
4.0,0.0,0.25,0.78,0.11,1.0
4.0,0.0,0.5,0.759,0.165,1.0
4.0,0.0,0.5,0.74,0.19,1.0
0.0,0.0,0.62,0.72,0.43,1.0
6.0,0.0,0.62,0.72,0.4,1.0
4.0,1.0,0.38,0.741,0.18899999999999997,1.0
4.0,0.0,0.5,0.75,0.19,1.0
5.0,0.0,0.139,0.76,0.55,1.0
2.0,1.0,0.12,0.76,0.55,1.0
3.0,0.0,0.5,0.78,0.09,1.0
6.0,0.0,0.5,0.76,0.55,1.0
0.0,0.0,0.5,0.73,0.35100000000000003,1.0
0.0,0.0,0.62,0.71,0.46,1.0
2.0,0.0,0.249,0.76,0.5479999999999999,1.0
0.0,0.0,0.62,0.71,0.46,1.0
6.0,0.0,0.5,0.76,0.55,1.0
4.0,0.0,0.5,0.75,0.19,1.0
0.0,0.0,0.5,0.73,0.38,1.0
3.0,0.0,0.5,0.79,0.04,1.0
4.0,1.0,0.25,0.78,0.11,1.0
3.0,1.0,0.5,0.74,0.22,1.0
4.0,0.0,0.25,0.78,0.11,1.0
4.0,0.0,0.5,0.75,0.19,1.0
1.0,1.0,0.5,0.757,0.542,1.0
0.0,0.0,0.62,0.75,0.531,1.0
6.0,0.0,0.62,0.72,0.43,1.0
6.0,0.0,0.62,0.72,0.4,1.0
3.0,0.0,0.5,0.74,0.21,1.0
3.0,0.0,0.5,0.7809999999999999,0.083,1.0
0.0,1.0,0.12300000000000001,0.75,0.26,1.0
0.0,0.0,0.62,0.71,0.46,1.0
2.0,1.0,0.12,0.76,0.55,1.0
6.0,0.0,0.5,0.76,0.55,1.0
4.0,1.0,0.25,0.78,0.11,1.0
3.0,1.0,0.5,0.74,0.22,1.0
2.0,0.0,0.5,0.76,0.55,1.0
0.0,0.0,0.5,0.73,0.353,1.0
3.0,0.0,0.5,0.79,0.04,1.0
5.0,1.0,0.156,0.7609999999999999,0.495,1.0
3.0,1.0,0.5,0.74,0.22,1.0
6.0,1.0,0.5,0.76,0.55,1.0
5.0,0.0,0.5,0.73,0.24,1.0
4.0,0.0,0.5,0.74,0.19,1.0
3.0,0.0,0.5,0.78,0.09,1.0
2.0,1.0,0.168,0.76,0.55,1.0
6.0,0.0,0.62,0.72,0.43,1.0
3.0,1.0,0.5,0.74,0.22,1.0
2.0,0.0,0.5,0.76,0.55,1.0
4.0,1.0,0.25,0.78,0.11,1.0
2.0,0.0,0.382,0.76,0.55,1.0
3.0,0.0,0.5,0.784,0.07200000000000001,1.0
0.0,0.0,0.62,0.71,0.46,1.0
2.0,1.0,0.12,0.76,0.55,1.0
4.0,1.0,0.38,0.74,0.19,1.0
6.0,0.0,0.62,0.72,0.43,1.0
6.0,0.0,0.62,0.72,0.4,1.0
0.0,0.0,0.62,0.71,0.46,1.0
0.0,1.0,0.263,0.75,0.26,1.0
1.0,1.0,0.71,0.754,0.531,1.0
6.0,0.0,0.5,0.76,0.55,1.0
3.0,1.0,0.5,0.74,0.22,1.0
5.0,0.0,0.5,0.73,0.24,1.0
6.0,0.0,0.62,0.72,0.43,1.0
5.0,1.0,0.32,0.768,0.243,1.0
4.0,0.0,0.5,0.74,0.19,1.0
5.0,0.0,0.5,0.73,0.24,1.0
2.0,0.0,0.355,0.76,0.55,1.0
3.0,1.0,0.5,0.74,0.22,1.0
5.0,0.0,0.262,0.7440000000000001,0.38,1.0
6.0,0.0,0.5,0.76,0.55,1.0
1.0,1.0,0.622,0.74,0.489,1.0
6.0,0.0,0.5,0.74,0.31,1.0
3.0,0.0,0.5,0.74,0.21600000000000005,1.0
1.0,0.0,0.38799999999999996,0.738,0.484,1.0
5.0,0.0,0.348,0.76,0.55,1.0
1.0,0.0,0.75,0.72,0.43,1.0
3.0,0.0,0.5,0.74,0.21,1.0
3.0,1.0,0.5,0.779,0.094,1.0
2.0,0.0,0.23,0.765,0.47200000000000003,1.0
0.0,0.0,0.62,0.71,0.46,1.0
6.0,0.0,0.62,0.72,0.4,1.0
0.0,1.0,0.28800000000000003,0.76,0.55,1.0
6.0,0.0,0.5,0.721,0.37,1.0
4.0,1.0,0.5,0.778,0.098,1.0
5.0,0.0,0.5,0.75,0.151,1.0
4.0,0.0,0.5,0.75,0.19,1.0
3.0,1.0,0.5,0.74,0.22,1.0
3.0,1.0,0.5,0.74,0.22,1.0
3.0,1.0,0.5,0.74,0.22,1.0
0.0,1.0,0.413,0.76,0.55,1.0
4.0,0.0,0.5,0.75,0.19,1.0
3.0,1.0,0.5,0.74,0.22,1.0
2.0,0.0,0.5,0.76,0.55,1.0
1.0,1.0,0.589,0.76,0.55,1.0
2.0,1.0,0.12,0.76,0.55,1.0
4.0,1.0,0.25,0.78,0.11,1.0
6.0,0.0,0.62,0.72,0.4,1.0
1.0,0.0,0.562,0.72,0.43,1.0
4.0,1.0,0.38,0.74,0.19,1.0
4.0,0.0,0.5,0.75,0.19,1.0
0.0,0.0,0.5,0.73,0.354,1.0
4.0,1.0,0.391,0.741,0.19,1.0
3.0,1.0,0.5,0.74,0.22,1.0
4.0,0.0,0.5,0.752,0.184,1.0
1.0,1.0,0.5,0.721,0.434,1.0
6.0,0.0,0.62,0.72,0.4,1.0
2.0,0.0,0.5,0.76,0.55,1.0
6.0,0.0,0.5,0.737,0.326,1.0
0.0,0.0,0.5,0.73,0.358,1.0
5.0,0.0,0.40700000000000003,0.73,0.24,1.0
1.0,1.0,0.685,0.76,0.55,1.0
4.0,0.0,0.5,0.74,0.19,1.0
4.0,0.0,0.5,0.74,0.19,1.0
3.0,0.0,0.5,0.78,0.09,1.0
4.0,0.0,0.25,0.78,0.11,1.0
6.0,0.0,0.62,0.72,0.43,1.0
6.0,0.0,0.5,0.74,0.31,1.0
4.0,0.0,0.5,0.74,0.19,1.0
6.0,0.0,0.62,0.72,0.43,1.0
3.0,1.0,0.5,0.755,0.172,1.0
2.0,0.0,0.5,0.76,0.55,1.0
3.0,1.0,0.5,0.74,0.22,1.0
6.0,0.0,0.62,0.72,0.43,1.0
2.0,1.0,0.15,0.76,0.55,1.0
4.0,0.0,0.5,0.74,0.19,1.0
5.0,1.0,0.21600000000000005,0.764,0.40299999999999997,1.0
4.0,0.0,0.5,0.75,0.19,1.0
6.0,0.0,0.5,0.72,0.371,1.0
0.0,0.0,0.62,0.71,0.46,1.0
5.0,0.0,0.12,0.76,0.55,1.0
6.0,0.0,0.5,0.76,0.55,1.0
3.0,0.0,0.5,0.79,0.04,1.0
3.0,1.0,0.5,0.74,0.22,1.0
2.0,1.0,0.12,0.76,0.55,1.0
4.0,0.0,0.5,0.74,0.19,1.0
1.0,0.0,0.5,0.72,0.43,1.0
0.0,0.0,0.5,0.73,0.369,1.0
6.0,0.0,0.62,0.72,0.4,1.0
3.0,0.0,0.5,0.79,0.04,1.0
6.0,0.0,0.62,0.72,0.43,1.0
0.0,0.0,0.62,0.72,0.43,1.0
3.0,1.0,0.5,0.74,0.22,1.0
3.0,1.0,0.5,0.74,0.22,1.0
6.0,0.0,0.62,0.72,0.4,1.0
1.0,0.0,0.6940000000000001,0.72,0.43,1.0
6.0,0.0,0.62,0.72,0.43,1.0
6.0,0.0,0.62,0.72,0.4,1.0
4.0,1.0,0.25,0.78,0.11,1.0
2.0,0.0,0.5,0.76,0.55,1.0
1.0,0.0,0.5,0.72,0.43,1.0
0.0,0.0,0.5,0.73,0.38,1.0
3.0,0.0,0.5,0.78,0.09,1.0
4.0,0.0,0.5,0.74,0.19,1.0
2.0,0.0,0.5,0.76,0.55,1.0
5.0,0.0,0.5,0.75,0.155,1.0
6.0,0.0,0.62,0.72,0.4,1.0
4.0,0.0,0.5,0.74,0.19,1.0
4.0,1.0,0.38,0.74,0.19,1.0
1.0,1.0,0.614,0.76,0.55,1.0
1.0,0.0,0.75,0.72,0.43,1.0
4.0,0.0,0.5,0.75,0.19,1.0
1.0,0.0,0.311,0.75,0.521,1.0
0.0,1.0,0.522,0.76,0.55,1.0
1.0,0.0,0.409,0.735,0.474,1.0
2.0,0.0,0.5,0.76,0.55,1.0
6.0,1.0,0.5,0.76,0.55,1.0
6.0,0.0,0.62,0.72,0.4,1.0
4.0,0.0,0.25,0.78,0.11,1.0
0.0,0.0,0.62,0.72,0.43,1.0
1.0,0.0,0.75,0.72,0.43,1.0
4.0,1.0,0.41100000000000003,0.743,0.19,1.0
1.0,1.0,0.5,0.73,0.461,1.0
4.0,0.0,0.5,0.74,0.19,1.0
5.0,0.0,0.5,0.75,0.158,1.0
4.0,1.0,0.25,0.78,0.11,1.0
4.0,0.0,0.5,0.74,0.19,1.0
6.0,0.0,0.62,0.72,0.4,1.0
2.0,1.0,0.147,0.76,0.55,1.0
4.0,1.0,0.25,0.78,0.11,1.0
1.0,0.0,0.5,0.72,0.43,1.0
2.0,0.0,0.5,0.76,0.55,1.0
1.0,1.0,0.491,0.721,0.434,1.0
6.0,0.0,0.5,0.72,0.42,1.0
0.0,0.0,0.62,0.71,0.46,1.0
6.0,0.0,0.5,0.76,0.55,1.0
1.0,0.0,0.502,0.72,0.43,1.0
2.0,1.0,0.12,0.76,0.55,1.0
6.0,0.0,0.5,0.76,0.55,1.0
4.0,0.0,0.25,0.78,0.11,1.0
6.0,1.0,0.5,0.76,0.55,1.0
0.0,1.0,0.14800000000000002,0.75,0.26,1.0
1.0,0.0,0.5,0.72,0.43,1.0
6.0,0.0,0.62,0.72,0.43,1.0
0.0,0.0,0.5,0.73,0.38,1.0
1.0,1.0,0.562,0.76,0.55,1.0
0.0,1.0,0.596,0.76,0.55,1.0
6.0,0.0,0.5,0.76,0.55,1.0
6.0,0.0,0.62,0.72,0.4,1.0
1.0,0.0,0.562,0.72,0.43,1.0
6.0,0.0,0.62,0.72,0.4,1.0
0.0,1.0,0.281,0.75,0.26,1.0
0.0,1.0,0.392,0.76,0.55,1.0
6.0,0.0,0.5,0.72,0.419,1.0
4.0,0.0,0.5,0.74,0.19,1.0
6.0,0.0,0.62,0.72,0.4,2.0
5.0,1.0,0.25,0.77,0.15,2.0
3.0,0.0,0.5,0.78,0.09,2.0
2.0,0.0,0.25,0.76,0.55,2.0
2.0,1.0,0.12,0.794,0.03,2.0
0.0,0.0,0.62,0.72,0.44,2.0
4.0,1.0,0.5,0.78,0.13,2.0
1.0,1.0,0.5,0.72,0.43,2.0
1.0,1.0,0.5,0.72,0.43,2.0
5.0,1.0,0.25,0.77,0.15,2.0
0.0,0.0,0.25,0.74,0.26,2.0
0.0,0.0,0.62,0.71,0.46,2.0
6.0,0.0,0.62,0.72,0.4,2.0
6.0,0.0,0.5,0.74,0.31,2.0
5.0,1.0,0.299,0.77,0.15,2.0
1.0,1.0,0.5,0.72,0.43,2.0
0.0,1.0,0.38,0.74,0.26,2.0
1.0,1.0,0.5,0.76,0.55,2.0
6.0,0.0,0.5,0.74,0.31,2.0
5.0,0.0,0.171,0.76,0.55,2.0
6.0,1.0,0.25,0.76,0.55,2.0
0.0,0.0,0.62,0.72,0.43799999999999994,2.0
0.0,0.0,0.62,0.72,0.42,2.0
6.0,0.0,0.5,0.74,0.31,2.0
3.0,1.0,0.5,0.74,0.22,2.0
4.0,1.0,0.38,0.74,0.19,2.0
6.0,1.0,0.5,0.76,0.55,2.0
0.0,1.0,0.25,0.75,0.26,2.0
0.0,0.0,0.5,0.73,0.38,2.0
5.0,0.0,0.38,0.76,0.55,2.0
6.0,0.0,0.5,0.74,0.31,2.0
3.0,1.0,0.5,0.78,0.09,2.0
0.0,1.0,0.5,0.76,0.55,2.0
0.0,0.0,0.62,0.71,0.46,2.0
0.0,1.0,0.38,0.76,0.55,2.0
4.0,1.0,0.5,0.745,0.19,2.0
6.0,0.0,0.5,0.74,0.31,2.0
0.0,0.0,0.5,0.73,0.35,2.0
0.0,1.0,0.38,0.76,0.55,2.0
1.0,0.0,0.25,0.76,0.55,2.0
0.0,0.0,0.5,0.73,0.35,2.0
3.0,0.0,0.5,0.78,0.09,2.0
3.0,1.0,0.5,0.74,0.22,2.0
3.0,0.0,0.5,0.74,0.22,2.0
0.0,0.0,0.62,0.72,0.42,2.0
3.0,0.0,0.5,0.74,0.22,2.0
1.0,1.0,0.5,0.72,0.43,2.0
1.0,1.0,0.5,0.72,0.43,2.0
0.0,0.0,0.62,0.72,0.42,2.0
0.0,0.0,0.62,0.72,0.44,2.0
0.0,0.0,0.62,0.72,0.4370000000000001,2.0
0.0,1.0,0.25,0.75,0.26,2.0
6.0,1.0,0.5,0.76,0.55,2.0
0.0,0.0,0.5,0.73,0.38,2.0
0.0,0.0,0.62,0.72,0.44,2.0
6.0,0.0,0.62,0.72,0.4,2.0
5.0,0.0,0.12,0.76,0.55,2.0
1.0,1.0,0.5,0.76,0.55,2.0
0.0,1.0,0.25,0.75,0.26,2.0
1.0,0.0,0.12,0.76,0.55,2.0
3.0,0.0,0.5,0.78,0.09,2.0
4.0,1.0,0.38,0.78,0.11,2.0
1.0,1.0,0.5,0.76,0.55,2.0
0.0,0.0,0.5,0.73,0.38,2.0
0.0,1.0,0.25,0.75,0.26,2.0
0.0,0.0,0.62,0.72,0.42,2.0
5.0,1.0,0.25,0.769,0.179,2.0
1.0,1.0,0.5,0.76,0.55,2.0
1.0,0.0,0.25,0.76,0.55,2.0
3.0,0.0,0.5,0.78,0.09,2.0
4.0,0.0,0.25,0.78,0.11,2.0
4.0,1.0,0.25,0.78,0.11,2.0
4.0,1.0,0.5,0.742,0.19,2.0
4.0,1.0,0.38,0.75,0.171,2.0
0.0,0.0,0.62,0.71,0.46,2.0
6.0,0.0,0.5,0.74,0.31,2.0
1.0,1.0,0.5,0.76,0.55,2.0
4.0,1.0,0.38,0.774,0.122,2.0
0.0,0.0,0.62,0.72,0.44,2.0
0.0,0.0,0.5,0.76,0.55,2.0
0.0,0.0,0.5,0.76,0.55,2.0
2.0,1.0,0.12,0.795,0.03,2.0
0.0,1.0,0.25,0.75,0.26,2.0
0.0,0.0,0.5,0.73,0.38,2.0
6.0,0.0,0.5,0.74,0.31,2.0
2.0,1.0,0.12,0.76,0.55,2.0
6.0,0.0,0.5,0.7509999999999999,0.52,2.0
2.0,1.0,0.12,0.8,0.03,2.0
3.0,1.0,0.5,0.78,0.09,2.0
0.0,0.0,0.62,0.71,0.46,2.0
2.0,1.0,0.12,0.76,0.55,2.0
6.0,0.0,0.5,0.72,0.37,2.0
4.0,1.0,0.5,0.762,0.157,2.0
0.0,0.0,0.5,0.73,0.38,2.0
4.0,0.0,0.5,0.748,0.19,2.0
4.0,1.0,0.5,0.78,0.091,2.0
3.0,1.0,0.38,0.74,0.22,2.0
0.0,1.0,0.38,0.74,0.26,2.0
5.0,0.0,0.38,0.76,0.55,2.0
0.0,0.0,0.5,0.73,0.35,2.0
3.0,1.0,0.442,0.78,0.09,2.0
6.0,1.0,0.5,0.76,0.55,2.0
1.0,1.0,0.5,0.76,0.55,2.0
5.0,0.0,0.25,0.7609999999999999,0.171,2.0
0.0,1.0,0.5,0.76,0.55,2.0
0.0,1.0,0.214,0.75,0.26,2.0
0.0,0.0,0.5,0.76,0.55,2.0
0.0,1.0,0.165,0.75,0.26,2.0
2.0,0.0,0.25,0.76,0.55,2.0
5.0,0.0,0.38,0.76,0.55,2.0
1.0,0.0,0.25,0.76,0.55,2.0
3.0,1.0,0.5,0.78,0.09,2.0
0.0,0.0,0.62,0.72,0.44,2.0
0.0,1.0,0.5,0.76,0.55,2.0
0.0,0.0,0.62,0.72,0.44,2.0
6.0,0.0,0.5,0.74,0.31,2.0
4.0,0.0,0.5,0.78,0.11,2.0
2.0,1.0,0.12,0.79,0.03,2.0
6.0,0.0,0.5,0.74,0.31,2.0
2.0,0.0,0.25,0.76,0.55,2.0
0.0,0.0,0.5,0.73,0.35,2.0
2.0,1.0,0.12,0.76,0.55,2.0
5.0,1.0,0.25,0.763,0.435,2.0
0.0,0.0,0.5,0.73,0.38,2.0
0.0,1.0,0.25,0.75,0.26,2.0
3.0,0.0,0.5,0.74,0.22,2.0
2.0,1.0,0.12,0.79,0.03,2.0
4.0,1.0,0.5,0.769,0.152,2.0
2.0,1.0,0.12,0.76,0.55,2.0
5.0,0.0,0.222,0.76,0.55,2.0
3.0,1.0,0.5,0.78,0.09,2.0
2.0,0.0,0.16899999999999998,0.76,0.55,2.0
4.0,1.0,0.5,0.78,0.13,2.0
6.0,0.0,0.5,0.74,0.31,2.0
0.0,1.0,0.25,0.75,0.26,2.0
0.0,0.0,0.62,0.71,0.46,2.0
0.0,0.0,0.62,0.72,0.44,2.0
2.0,0.0,0.12,0.79,0.04,2.0
6.0,1.0,0.5,0.76,0.55,2.0
3.0,0.0,0.5,0.74,0.217,2.0
0.0,0.0,0.62,0.72,0.436,2.0
0.0,0.0,0.25,0.74,0.26,2.0
0.0,0.0,0.5,0.73,0.35,2.0
1.0,1.0,0.5,0.76,0.55,2.0
0.0,0.0,0.5,0.76,0.55,2.0
5.0,0.0,0.12,0.76,0.55,2.0
0.0,0.0,0.25,0.74,0.26,2.0
6.0,0.0,0.5,0.723,0.37,2.0
2.0,0.0,0.25,0.76,0.55,2.0
4.0,1.0,0.25,0.78,0.11,2.0
6.0,1.0,0.5,0.76,0.55,2.0
4.0,1.0,0.5,0.78,0.13,2.0
1.0,0.0,0.5,0.72,0.43,2.0
6.0,1.0,0.5,0.76,0.55,2.0
6.0,0.0,0.5,0.74,0.31,2.0
0.0,1.0,0.38,0.74,0.26,2.0
1.0,0.0,0.5,0.72,0.43,2.0
4.0,1.0,0.25,0.78,0.11,2.0
0.0,0.0,0.5,0.73,0.38,2.0
1.0,1.0,0.5,0.76,0.55,2.0
3.0,0.0,0.5,0.74,0.215,2.0
0.0,0.0,0.5,0.76,0.55,2.0
2.0,0.0,0.12,0.79,0.04,2.0
3.0,1.0,0.38,0.74,0.22,2.0
0.0,0.0,0.5,0.73,0.38,2.0
0.0,1.0,0.488,0.76,0.55,2.0
4.0,0.0,0.5,0.78,0.11,2.0
0.0,0.0,0.25,0.74,0.26,2.0
5.0,0.0,0.38,0.76,0.55,2.0
6.0,0.0,0.5,0.74,0.31,2.0
0.0,0.0,0.62,0.71,0.46,2.0
1.0,1.0,0.5,0.72,0.43,2.0
0.0,1.0,0.25,0.75,0.26,2.0
6.0,0.0,0.5,0.74,0.31,2.0
5.0,0.0,0.25,0.7340000000000001,0.24,2.0
2.0,1.0,0.12,0.79,0.03,2.0
2.0,0.0,0.12,0.79,0.03,2.0
4.0,1.0,0.5,0.746,0.19,2.0
6.0,0.0,0.5,0.74,0.31,2.0
0.0,0.0,0.5,0.73,0.35,2.0
0.0,0.0,0.5,0.73,0.38,2.0
6.0,0.0,0.5,0.74,0.31,2.0
2.0,0.0,0.12,0.79,0.04,2.0
6.0,1.0,0.5,0.76,0.55,2.0
2.0,1.0,0.12,0.76,0.55,2.0
6.0,1.0,0.5,0.76,0.55,2.0
2.0,1.0,0.12,0.76,0.55,2.0
0.0,0.0,0.62,0.72,0.439,2.0
6.0,1.0,0.5,0.76,0.55,2.0
1.0,0.0,0.25,0.76,0.55,2.0
2.0,0.0,0.214,0.79,0.04,2.0
5.0,0.0,0.38,0.76,0.55,2.0
4.0,1.0,0.25,0.78,0.11,2.0
5.0,1.0,0.25,0.768,0.22899999999999998,2.0
1.0,0.0,0.5,0.72,0.43,2.0
0.0,0.0,0.5,0.73,0.35,2.0
6.0,1.0,0.25,0.76,0.55,2.0
5.0,0.0,0.237,0.76,0.55,2.0
2.0,1.0,0.12,0.79,0.03,2.0
3.0,0.0,0.5,0.74,0.215,2.0
0.0,1.0,0.25,0.75,0.26,2.0
0.0,0.0,0.62,0.72,0.42,2.0
2.0,0.0,0.25,0.79,0.04,2.0
6.0,0.0,0.5,0.74,0.31,2.0
2.0,0.0,0.14800000000000002,0.79,0.04,2.0
1.0,0.0,0.218,0.76,0.55,2.0
6.0,1.0,0.5,0.76,0.55,2.0
0.0,1.0,0.25,0.75,0.26,2.0
3.0,1.0,0.5,0.78,0.09,2.0
0.0,0.0,0.25,0.74,0.26,2.0
4.0,1.0,0.25,0.78,0.11,2.0
6.0,0.0,0.5,0.72,0.37,2.0
5.0,1.0,0.25,0.77,0.15,2.0
5.0,1.0,0.25,0.765,0.348,2.0
6.0,1.0,0.321,0.76,0.55,2.0
1.0,1.0,0.5,0.76,0.55,2.0
4.0,1.0,0.25,0.78,0.11,2.0
0.0,0.0,0.5,0.73,0.35,2.0
6.0,0.0,0.5,0.74,0.31,2.0
4.0,1.0,0.38,0.78,0.11,2.0
2.0,1.0,0.12,0.76,0.55,2.0
0.0,1.0,0.16899999999999998,0.75,0.26,2.0
4.0,1.0,0.25,0.78,0.11,2.0
2.0,1.0,0.12,0.76,0.55,2.0
4.0,0.0,0.5,0.78,0.11,2.0
5.0,0.0,0.24100000000000002,0.76,0.55,2.0
0.0,0.0,0.25,0.74,0.26,2.0
6.0,0.0,0.5,0.74,0.31,2.0
1.0,1.0,0.5,0.76,0.55,2.0
6.0,1.0,0.5,0.76,0.55,2.0
1.0,0.0,0.25,0.76,0.55,2.0
1.0,0.0,0.5,0.72,0.43,2.0
0.0,0.0,0.62,0.71,0.46,2.0
3.0,1.0,0.40399999999999997,0.78,0.09,2.0
6.0,0.0,0.5,0.72,0.37,2.0
1.0,0.0,0.5,0.72,0.43,2.0
4.0,1.0,0.5,0.78,0.13,2.0
4.0,1.0,0.38,0.74,0.19,2.0
4.0,1.0,0.38,0.78,0.11,2.0
4.0,1.0,0.38,0.769,0.132,2.0
3.0,1.0,0.5,0.78,0.09,2.0
5.0,1.0,0.25,0.77,0.15,2.0
5.0,0.0,0.38,0.76,0.55,2.0
2.0,1.0,0.12,0.79,0.03,2.0
6.0,0.0,0.62,0.72,0.4,2.0
1.0,1.0,0.5,0.72,0.43,2.0
4.0,1.0,0.25,0.78,0.11,2.0
0.0,0.0,0.62,0.72,0.42,2.0
6.0,1.0,0.5,0.76,0.55,2.0
0.0,0.0,0.5,0.76,0.55,2.0
0.0,0.0,0.5,0.73,0.35,2.0
2.0,0.0,0.12,0.79,0.03,2.0
4.0,0.0,0.47600000000000003,0.78,0.11,2.0
4.0,1.0,0.25,0.78,0.11,2.0
3.0,1.0,0.5,0.78,0.09,2.0
0.0,0.0,0.62,0.72,0.42,2.0
5.0,0.0,0.161,0.76,0.55,2.0
0.0,0.0,0.62,0.71,0.46,2.0
5.0,0.0,0.38,0.76,0.55,2.0
2.0,1.0,0.12,0.79,0.03,2.0
5.0,1.0,0.25,0.77,0.15,2.0
0.0,0.0,0.62,0.71,0.46,2.0
2.0,1.0,0.12,0.76,0.55,2.0
0.0,1.0,0.414,0.76,0.55,2.0
1.0,0.0,0.12,0.76,0.55,2.0
4.0,1.0,0.5,0.78,0.13,2.0
2.0,1.0,0.12,0.76,0.55,2.0
0.0,0.0,0.5,0.73,0.35,2.0
5.0,1.0,0.25,0.77,0.15,2.0
3.0,1.0,0.38,0.74,0.22,2.0
0.0,1.0,0.484,0.76,0.55,2.0
6.0,0.0,0.5,0.72,0.402,2.0
3.0,0.0,0.263,0.78,0.09,2.0
6.0,0.0,0.5,0.74,0.31,2.0
6.0,0.0,0.5,0.74,0.31,2.0
6.0,0.0,0.5,0.74,0.31,2.0
3.0,1.0,0.38,0.74,0.22,2.0
6.0,1.0,0.5,0.76,0.55,2.0
0.0,0.0,0.5,0.73,0.38,2.0
1.0,0.0,0.5,0.72,0.43,2.0
0.0,0.0,0.5,0.76,0.55,2.0
6.0,1.0,0.5,0.76,0.55,2.0
4.0,1.0,0.5,0.78,0.096,2.0
4.0,0.0,0.25,0.78,0.11,2.0
3.0,0.0,0.5,0.78,0.09,2.0
6.0,0.0,0.62,0.72,0.4,2.0
0.0,0.0,0.25,0.74,0.26,2.0
0.0,0.0,0.5,0.73,0.38,2.0
5.0,0.0,0.38,0.76,0.55,2.0
0.0,1.0,0.19,0.75,0.26,2.0
4.0,1.0,0.25,0.78,0.11,2.0
0.0,1.0,0.41100000000000003,0.76,0.55,2.0
5.0,0.0,0.12,0.76,0.55,2.0
4.0,1.0,0.5,0.748,0.19,2.0
5.0,0.0,0.321,0.748,0.19899999999999998,2.0
0.0,0.0,0.5,0.73,0.38,2.0
3.0,0.0,0.5,0.74,0.217,2.0
3.0,1.0,0.434,0.78,0.09,2.0
0.0,0.0,0.5,0.76,0.55,2.0
0.0,0.0,0.359,0.76,0.55,2.0
6.0,0.0,0.5,0.74,0.31,2.0
0.0,0.0,0.25,0.74,0.26,2.0
5.0,0.0,0.237,0.76,0.55,2.0
6.0,1.0,0.5,0.76,0.55,2.0
4.0,1.0,0.38,0.78,0.11,2.0
3.0,1.0,0.5,0.78,0.09,2.0
3.0,1.0,0.5,0.78,0.09,2.0
5.0,0.0,0.25,0.752,0.19399999999999998,2.0
3.0,1.0,0.5,0.78,0.09,2.0
4.0,0.0,0.4,0.78,0.11,2.0
0.0,0.0,0.5,0.73,0.38,2.0
0.0,0.0,0.5,0.73,0.35,2.0
3.0,0.0,0.5,0.74,0.22,2.0
4.0,1.0,0.25,0.78,0.11,2.0
0.0,1.0,0.25,0.75,0.26,2.0
1.0,1.0,0.5,0.72,0.43,2.0
0.0,0.0,0.25,0.74,0.26,2.0
5.0,0.0,0.38,0.76,0.55,2.0
4.0,1.0,0.5,0.78,0.13,2.0
6.0,0.0,0.5,0.74,0.31,2.0
1.0,1.0,0.5,0.76,0.55,2.0
4.0,1.0,0.5,0.78,0.121,2.0
1.0,1.0,0.41,0.76,0.55,2.0
3.0,0.0,0.5,0.78,0.09,2.0
3.0,0.0,0.5,0.74,0.212,2.0
4.0,1.0,0.38,0.78,0.11,2.0
6.0,1.0,0.5,0.76,0.55,2.0
0.0,0.0,0.25,0.74,0.26,2.0
3.0,0.0,0.5,0.74,0.22,2.0
2.0,1.0,0.12,0.794,0.03,2.0
5.0,1.0,0.25,0.77,0.15,2.0
2.0,0.0,0.25,0.76,0.55,2.0
6.0,1.0,0.5,0.76,0.55,2.0
0.0,0.0,0.5,0.73,0.38,2.0
4.0,1.0,0.25,0.78,0.11,2.0
4.0,1.0,0.5,0.78,0.122,2.0
0.0,1.0,0.5,0.76,0.55,2.0
3.0,1.0,0.5,0.78,0.09,2.0
3.0,0.0,0.5,0.74,0.22,2.0
2.0,0.0,0.12,0.79,0.04,2.0
0.0,1.0,0.25,0.75,0.26,2.0
1.0,1.0,0.445,0.76,0.55,2.0
4.0,1.0,0.38,0.74,0.19,2.0
2.0,0.0,0.12,0.79,0.04,2.0
6.0,0.0,0.5,0.72,0.37,2.0
0.0,0.0,0.5,0.73,0.35,2.0
5.0,1.0,0.16899999999999998,0.77,0.14400000000000002,2.0
1.0,0.0,0.25,0.76,0.55,2.0
6.0,0.0,0.62,0.72,0.4,2.0
1.0,0.0,0.12,0.76,0.55,2.0
1.0,0.0,0.25,0.76,0.55,2.0
6.0,0.0,0.5,0.75,0.488,2.0
0.0,0.0,0.62,0.71,0.46,2.0
1.0,1.0,0.5,0.76,0.55,2.0
2.0,0.0,0.12,0.79,0.03,2.0
0.0,1.0,0.473,0.76,0.55,2.0
6.0,1.0,0.5,0.76,0.55,2.0
2.0,1.0,0.12,0.79,0.03,2.0
3.0,0.0,0.4920000000000001,0.78,0.09,2.0
0.0,0.0,0.5,0.76,0.55,2.0
0.0,0.0,0.5,0.73,0.38,2.0
6.0,1.0,0.5,0.76,0.55,2.0
1.0,0.0,0.5,0.72,0.43,2.0
3.0,1.0,0.5,0.78,0.09,2.0
0.0,0.0,0.5,0.76,0.55,2.0
4.0,1.0,0.5,0.78,0.114,2.0
3.0,0.0,0.5,0.78,0.09,2.0
0.0,1.0,0.38,0.74,0.26,2.0
2.0,1.0,0.12,0.79,0.03,2.0
4.0,1.0,0.38,0.78,0.11,2.0
2.0,1.0,0.12,0.76,0.55,2.0
6.0,1.0,0.5,0.76,0.55,2.0
2.0,0.0,0.12,0.79,0.04,2.0
0.0,1.0,0.38,0.74,0.26,2.0
3.0,0.0,0.5,0.74,0.22,2.0
3.0,1.0,0.38,0.78,0.09,2.0
6.0,0.0,0.5,0.74,0.31,2.0
5.0,0.0,0.306,0.76,0.55,2.0
0.0,0.0,0.5,0.76,0.55,2.0
4.0,0.0,0.5,0.78,0.11,2.0
6.0,1.0,0.5,0.76,0.55,2.0
6.0,0.0,0.5,0.723,0.37,2.0
6.0,0.0,0.5,0.74,0.31,2.0
6.0,0.0,0.62,0.72,0.4,2.0
3.0,1.0,0.5,0.78,0.09,2.0
1.0,1.0,0.5,0.72,0.43,2.0
3.0,1.0,0.382,0.74,0.22,2.0
2.0,0.0,0.12,0.79,0.03,2.0
1.0,1.0,0.5,0.72,0.43,2.0
0.0,1.0,0.38,0.74,0.26,2.0
4.0,1.0,0.25,0.78,0.11,2.0
1.0,1.0,0.33899999999999997,0.76,0.55,2.0
3.0,1.0,0.5,0.78,0.09,2.0
3.0,1.0,0.5,0.78,0.09,2.0
2.0,0.0,0.25,0.79,0.04,2.0
2.0,1.0,0.12,0.76,0.55,2.0
0.0,0.0,0.5,0.76,0.55,2.0
1.0,0.0,0.5,0.72,0.43,2.0
2.0,0.0,0.25,0.76,0.55,2.0
6.0,1.0,0.5,0.76,0.55,2.0
4.0,1.0,0.5,0.78,0.13,2.0
0.0,0.0,0.62,0.72,0.44,2.0
4.0,0.0,0.5,0.78,0.11,2.0
3.0,1.0,0.392,0.74,0.22,2.0
4.0,0.0,0.25,0.78,0.11,2.0
5.0,0.0,0.35700000000000004,0.73,0.242,2.0
2.0,0.0,0.25,0.76,0.55,2.0
0.0,0.0,0.5,0.73,0.38,2.0
5.0,0.0,0.163,0.76,0.55,2.0
3.0,0.0,0.5,0.78,0.09,2.0
1.0,0.0,0.5,0.72,0.43,2.0
4.0,0.0,0.5,0.742,0.19,2.0
0.0,1.0,0.38,0.74,0.26,2.0
4.0,1.0,0.38,0.74,0.19,2.0
3.0,1.0,0.5,0.78,0.09,2.0
3.0,0.0,0.5,0.74,0.22,2.0
2.0,0.0,0.25,0.76,0.55,2.0
1.0,0.0,0.126,0.76,0.55,2.0
0.0,0.0,0.5,0.73,0.35,2.0
4.0,1.0,0.5,0.78,0.114,2.0
0.0,1.0,0.5,0.76,0.55,2.0
5.0,0.0,0.12,0.76,0.55,2.0
2.0,0.0,0.12,0.79,0.03,2.0
2.0,0.0,0.12,0.79,0.03,2.0
3.0,1.0,0.5,0.78,0.09,2.0
0.0,0.0,0.5,0.73,0.38,2.0
1.0,0.0,0.5,0.72,0.43,2.0
2.0,0.0,0.12,0.79,0.04,2.0
2.0,0.0,0.12,0.79,0.04,2.0
5.0,0.0,0.168,0.76,0.55,2.0
0.0,0.0,0.5,0.73,0.38,2.0
3.0,0.0,0.5,0.78,0.09,2.0
5.0,0.0,0.14400000000000002,0.76,0.55,2.0
6.0,1.0,0.5,0.76,0.55,2.0
0.0,0.0,0.62,0.72,0.42,2.0
0.0,0.0,0.5,0.73,0.35,2.0
0.0,0.0,0.62,0.72,0.42,2.0
4.0,1.0,0.5,0.78,0.13,2.0
4.0,1.0,0.38,0.774,0.122,2.0
6.0,0.0,0.5,0.74,0.31,2.0
0.0,0.0,0.46,0.76,0.55,2.0
1.0,1.0,0.348,0.76,0.55,2.0
3.0,1.0,0.38,0.74,0.22,2.0
0.0,0.0,0.62,0.72,0.44,2.0
2.0,1.0,0.12,0.76,0.55,2.0
0.0,1.0,0.5,0.76,0.55,2.0
1.0,0.0,0.5,0.72,0.43,2.0
0.0,0.0,0.5,0.76,0.55,2.0
6.0,0.0,0.5,0.74,0.31,2.0
0.0,0.0,0.5,0.73,0.38,2.0
1.0,1.0,0.5,0.72,0.43,2.0
1.0,0.0,0.12,0.76,0.55,2.0
4.0,0.0,0.5,0.78,0.11,2.0
3.0,1.0,0.462,0.74,0.22,2.0
6.0,1.0,0.5,0.76,0.55,2.0
1.0,0.0,0.5,0.72,0.43,2.0
4.0,1.0,0.38,0.74,0.19,2.0
4.0,1.0,0.38,0.755,0.159,2.0
3.0,0.0,0.5,0.74,0.213,2.0
6.0,0.0,0.5,0.72,0.37,2.0
0.0,0.0,0.62,0.72,0.42,2.0
6.0,0.0,0.5,0.74,0.31,2.0
5.0,1.0,0.25,0.762,0.452,2.0
0.0,0.0,0.5,0.73,0.38,2.0
6.0,1.0,0.5,0.76,0.55,2.0
6.0,0.0,0.62,0.72,0.4,2.0
0.0,0.0,0.5,0.73,0.38,2.0
1.0,0.0,0.601,0.72,0.43,2.0
1.0,0.0,0.25,0.76,0.55,2.0
1.0,0.0,0.5,0.72,0.43,2.0
0.0,0.0,0.62,0.72,0.42,2.0
6.0,1.0,0.25,0.76,0.55,2.0
6.0,0.0,0.5,0.74,0.31,2.0
4.0,1.0,0.25,0.78,0.11,2.0
6.0,0.0,0.5,0.74,0.31,2.0
0.0,1.0,0.25,0.75,0.26,2.0
4.0,1.0,0.25,0.78,0.11,2.0
0.0,0.0,0.265,0.76,0.55,2.0
5.0,1.0,0.25,0.77,0.15,2.0
0.0,0.0,0.5,0.73,0.38,2.0
2.0,0.0,0.12,0.79,0.04,2.0
0.0,0.0,0.25,0.74,0.26,2.0
6.0,0.0,0.5,0.74,0.31,2.0
0.0,0.0,0.62,0.72,0.42,2.0
5.0,0.0,0.25,0.77,0.15,3.0
6.0,1.0,0.5,0.76,0.55,3.0
0.0,0.0,0.62,0.72,0.42,3.0
5.0,1.0,0.38,0.77,0.14,3.0
6.0,0.0,0.38,0.76,0.55,3.0
0.0,0.0,0.5,0.73,0.38,3.0
6.0,1.0,0.38,0.76,0.55,3.0
0.0,1.0,0.25,0.75,0.26,3.0
0.0,0.0,0.5,0.7390000000000001,0.331,3.0
1.0,0.0,0.25,0.76,0.55,3.0
6.0,1.0,0.38,0.76,0.55,3.0
0.0,0.0,0.25,0.74,0.26,3.0
6.0,1.0,0.25,0.76,0.55,3.0
6.0,1.0,0.38,0.76,0.55,3.0
5.0,0.0,0.25,0.77,0.15,3.0
6.0,0.0,0.38,0.76,0.55,3.0
6.0,1.0,0.38,0.76,0.55,3.0
6.0,0.0,0.38,0.76,0.55,3.0
5.0,0.0,0.185,0.76,0.55,3.0
6.0,0.0,0.5,0.72,0.37,3.0
6.0,1.0,0.38,0.76,0.55,3.0
6.0,1.0,0.38,0.76,0.55,3.0
2.0,1.0,0.12,0.76,0.55,3.0
1.0,1.0,0.44,0.76,0.55,3.0
4.0,1.0,0.25,0.78,0.11,3.0
0.0,0.0,0.25,0.75,0.26,3.0
0.0,0.0,0.5,0.7390000000000001,0.332,3.0
0.0,0.0,0.5,0.73,0.35,3.0
4.0,1.0,0.451,0.78,0.126,3.0
6.0,0.0,0.38,0.76,0.55,3.0
0.0,0.0,0.5,0.73,0.35,3.0
6.0,0.0,0.5,0.722,0.365,3.0
5.0,0.0,0.38,0.77,0.15,3.0
6.0,0.0,0.38,0.76,0.55,3.0
5.0,1.0,0.25,0.77,0.14,3.0
5.0,0.0,0.38,0.77,0.15,3.0
6.0,0.0,0.38,0.76,0.55,3.0
0.0,0.0,0.5,0.73,0.35,3.0
2.0,0.0,0.25,0.79,0.04,3.0
5.0,1.0,0.12,0.77,0.14,3.0
6.0,0.0,0.5,0.72,0.37,3.0
6.0,1.0,0.25,0.76,0.55,3.0
3.0,1.0,0.47,0.74,0.205,3.0
0.0,0.0,0.62,0.72,0.423,3.0
5.0,0.0,0.38,0.77,0.15,3.0
5.0,0.0,0.38,0.77,0.15,3.0
0.0,1.0,0.25,0.75,0.26,3.0
0.0,1.0,0.391,0.741,0.26,3.0
2.0,1.0,0.12,0.76,0.55,3.0
6.0,0.0,0.38,0.76,0.55,3.0
2.0,0.0,0.134,0.79,0.031,3.0
1.0,1.0,0.4970000000000001,0.76,0.55,3.0
3.0,0.0,0.5,0.777,0.1,3.0
0.0,0.0,0.25,0.74,0.26,3.0
5.0,1.0,0.12,0.77,0.14,3.0
0.0,1.0,0.25,0.75,0.26,3.0
5.0,1.0,0.38,0.77,0.14,3.0
0.0,0.0,0.5,0.73,0.38,3.0
4.0,0.0,0.25,0.78,0.11,3.0
6.0,0.0,0.38,0.76,0.55,3.0
0.0,0.0,0.5,0.73,0.35,3.0
5.0,1.0,0.25,0.77,0.15,3.0
5.0,0.0,0.25,0.77,0.15,3.0
0.0,1.0,0.25,0.75,0.26,3.0
0.0,1.0,0.25,0.75,0.26,3.0
6.0,0.0,0.5,0.72,0.37,3.0
5.0,1.0,0.25,0.77,0.14,3.0
3.0,1.0,0.42200000000000004,0.74,0.19699999999999998,3.0
2.0,1.0,0.12,0.76,0.55,3.0
5.0,1.0,0.25,0.77,0.14,3.0
3.0,0.0,0.25,0.78,0.09,3.0
6.0,0.0,0.38,0.76,0.55,3.0
0.0,0.0,0.5,0.73,0.35,3.0
1.0,0.0,0.159,0.76,0.55,3.0
2.0,1.0,0.12,0.76,0.55,3.0
6.0,0.0,0.38,0.76,0.55,3.0
5.0,0.0,0.25,0.77,0.15,3.0
5.0,0.0,0.25,0.76,0.55,3.0
0.0,1.0,0.25,0.75,0.26,3.0
1.0,0.0,0.166,0.76,0.55,3.0
5.0,1.0,0.38,0.77,0.14,3.0
2.0,0.0,0.127,0.79,0.031,3.0
5.0,0.0,0.25,0.77,0.15,3.0
3.0,0.0,0.5,0.78,0.09,3.0
6.0,0.0,0.38,0.76,0.55,3.0
6.0,1.0,0.5,0.76,0.55,3.0
0.0,0.0,0.25,0.75,0.26,3.0
5.0,0.0,0.25,0.76,0.55,3.0
0.0,0.0,0.5,0.73,0.35,3.0
5.0,1.0,0.12,0.77,0.14,3.0
0.0,0.0,0.5,0.73,0.35,3.0
0.0,1.0,0.25,0.75,0.26,3.0
0.0,1.0,0.25,0.75,0.26,3.0
6.0,1.0,0.5,0.76,0.55,3.0
0.0,0.0,0.25,0.74,0.26,3.0
5.0,0.0,0.25,0.76,0.55,3.0
5.0,1.0,0.25,0.77,0.14,3.0
0.0,0.0,0.25,0.74,0.26,3.0
6.0,0.0,0.38,0.76,0.55,3.0
2.0,0.0,0.175,0.79,0.034,3.0
5.0,1.0,0.25,0.77,0.14,3.0
3.0,1.0,0.489,0.74,0.20800000000000002,3.0
6.0,1.0,0.25,0.76,0.55,3.0
0.0,0.0,0.5,0.73,0.35,3.0
5.0,0.0,0.25,0.77,0.15,3.0
6.0,0.0,0.38,0.76,0.55,3.0
6.0,1.0,0.25,0.76,0.55,3.0
0.0,0.0,0.5,0.737,0.335,3.0
6.0,1.0,0.5,0.76,0.55,3.0
3.0,1.0,0.38,0.74,0.19,3.0
5.0,1.0,0.38,0.77,0.14,3.0
6.0,0.0,0.38,0.76,0.55,3.0
5.0,1.0,0.25,0.77,0.15,3.0
6.0,1.0,0.38,0.76,0.55,3.0
0.0,0.0,0.5,0.73,0.38,3.0
0.0,1.0,0.25,0.75,0.26,3.0
3.0,1.0,0.38,0.74,0.19,3.0
5.0,1.0,0.25,0.77,0.14,3.0
6.0,0.0,0.38,0.76,0.55,3.0
5.0,1.0,0.38,0.77,0.14,3.0
0.0,0.0,0.25,0.75,0.26,3.0
5.0,0.0,0.38,0.77,0.15,3.0
0.0,0.0,0.25,0.75,0.26,3.0
5.0,0.0,0.25,0.77,0.15,3.0
6.0,1.0,0.38,0.76,0.55,3.0
0.0,0.0,0.5,0.73,0.38,3.0
5.0,1.0,0.25,0.77,0.15,3.0
0.0,1.0,0.38,0.74,0.26,3.0
6.0,0.0,0.38,0.76,0.55,3.0
0.0,0.0,0.5,0.73,0.38,3.0
6.0,1.0,0.5,0.76,0.55,3.0
0.0,0.0,0.62,0.72,0.42,3.0
5.0,1.0,0.25,0.77,0.14,3.0
0.0,0.0,0.25,0.75,0.26,3.0
2.0,0.0,0.25,0.79,0.04,3.0
1.0,0.0,0.138,0.76,0.55,3.0
0.0,0.0,0.25,0.74,0.26,3.0
6.0,1.0,0.38,0.76,0.55,3.0
6.0,1.0,0.25,0.76,0.55,3.0
6.0,1.0,0.38,0.76,0.55,3.0
5.0,1.0,0.25,0.77,0.15,3.0
5.0,0.0,0.25,0.77,0.15,3.0
6.0,1.0,0.38,0.76,0.55,3.0
3.0,1.0,0.397,0.74,0.193,3.0
5.0,0.0,0.25,0.76,0.55,3.0
5.0,0.0,0.25,0.77,0.15,3.0
5.0,1.0,0.12,0.77,0.14,3.0
0.0,0.0,0.5,0.738,0.33399999999999996,3.0
6.0,1.0,0.5,0.76,0.55,3.0
0.0,0.0,0.5,0.73,0.38,3.0
3.0,0.0,0.5,0.78,0.09,3.0
5.0,1.0,0.12,0.77,0.14,3.0
0.0,1.0,0.5,0.75,0.26,3.0
5.0,0.0,0.25,0.77,0.15,3.0
5.0,0.0,0.25,0.77,0.15,3.0
0.0,0.0,0.5,0.73,0.35,3.0
5.0,0.0,0.38,0.77,0.15,3.0
1.0,1.0,0.473,0.7290000000000001,0.457,3.0
5.0,1.0,0.38,0.77,0.14,3.0
5.0,1.0,0.38,0.77,0.14,3.0
5.0,0.0,0.25,0.77,0.15,3.0
3.0,0.0,0.5,0.78,0.09,3.0
5.0,0.0,0.38,0.77,0.15,3.0
5.0,1.0,0.38,0.77,0.14,3.0
6.0,0.0,0.38,0.76,0.55,3.0
5.0,1.0,0.38,0.77,0.14,3.0
3.0,0.0,0.5,0.764,0.14,3.0
6.0,1.0,0.38,0.76,0.55,3.0
0.0,1.0,0.25,0.75,0.26,3.0
5.0,0.0,0.38,0.77,0.15,3.0
0.0,0.0,0.62,0.72,0.431,3.0
0.0,0.0,0.5,0.73,0.38,3.0
5.0,1.0,0.12,0.77,0.14,3.0
5.0,0.0,0.25,0.77,0.15,3.0
6.0,1.0,0.38,0.76,0.55,3.0
6.0,1.0,0.25,0.76,0.55,3.0
0.0,0.0,0.25,0.74,0.26,3.0
5.0,0.0,0.38,0.77,0.15,3.0
1.0,1.0,0.38,0.76,0.55,3.0
6.0,0.0,0.38,0.76,0.55,3.0
6.0,0.0,0.38,0.76,0.55,3.0
1.0,1.0,0.442,0.76,0.55,3.0
6.0,1.0,0.5,0.76,0.55,3.0
0.0,0.0,0.25,0.75,0.26,3.0
6.0,1.0,0.5,0.76,0.55,3.0
5.0,1.0,0.38,0.77,0.14,3.0
0.0,1.0,0.38,0.74,0.26,3.0
2.0,0.0,0.25,0.79,0.04,3.0
0.0,0.0,0.5,0.73,0.35,3.0
0.0,0.0,0.62,0.72,0.424,3.0
0.0,1.0,0.25,0.75,0.26,3.0
6.0,1.0,0.38,0.76,0.55,3.0
2.0,0.0,0.25,0.79,0.04,3.0
6.0,1.0,0.38,0.76,0.55,3.0
0.0,1.0,0.25,0.75,0.26,3.0
1.0,1.0,0.42100000000000004,0.76,0.55,3.0
5.0,1.0,0.38,0.77,0.14,3.0
6.0,1.0,0.25,0.76,0.55,3.0
2.0,0.0,0.138,0.79,0.031,3.0
6.0,0.0,0.38,0.76,0.55,3.0
1.0,1.0,0.193,0.76,0.55,3.0
4.0,1.0,0.25,0.78,0.11,3.0
6.0,1.0,0.38,0.76,0.55,3.0
1.0,1.0,0.42100000000000004,0.746,0.509,3.0
0.0,0.0,0.5,0.737,0.337,3.0
2.0,0.0,0.248,0.79,0.04,3.0
6.0,1.0,0.38,0.76,0.55,3.0
5.0,1.0,0.12,0.77,0.14,3.0
6.0,1.0,0.38,0.76,0.55,3.0
6.0,1.0,0.38,0.76,0.55,3.0
3.0,0.0,0.5,0.775,0.105,3.0
1.0,1.0,0.38,0.76,0.55,3.0
6.0,0.0,0.38,0.76,0.55,3.0
5.0,0.0,0.25,0.77,0.15,3.0
0.0,1.0,0.5,0.75,0.26,3.0
3.0,0.0,0.5,0.78,0.09,3.0
0.0,0.0,0.25,0.75,0.26,3.0
4.0,1.0,0.5,0.78,0.13,3.0
1.0,1.0,0.5,0.737,0.48100000000000004,3.0
6.0,0.0,0.38,0.76,0.55,3.0
1.0,1.0,0.473,0.7290000000000001,0.457,3.0
5.0,0.0,0.25,0.77,0.15,3.0
5.0,0.0,0.25,0.77,0.15,3.0
0.0,1.0,0.25,0.75,0.26,3.0
6.0,1.0,0.38,0.76,0.55,3.0
4.0,0.0,0.25,0.78,0.11,3.0
5.0,0.0,0.25,0.77,0.15,3.0
5.0,0.0,0.38,0.77,0.15,3.0
3.0,0.0,0.25,0.78,0.09,3.0
5.0,0.0,0.25,0.77,0.15,3.0
5.0,1.0,0.25,0.77,0.15,3.0
1.0,1.0,0.193,0.76,0.55,3.0
0.0,0.0,0.25,0.74,0.26,3.0
0.0,0.0,0.5,0.73,0.38,3.0
6.0,1.0,0.5,0.76,0.55,3.0
0.0,0.0,0.5,0.73,0.35,3.0
5.0,1.0,0.38,0.77,0.14,3.0
0.0,1.0,0.25,0.75,0.26,3.0
1.0,0.0,0.25,0.76,0.55,3.0
4.0,1.0,0.25,0.78,0.11,3.0
0.0,0.0,0.25,0.74,0.26,3.0
5.0,1.0,0.12,0.77,0.14,3.0
0.0,0.0,0.5,0.74,0.33,3.0
0.0,1.0,0.44799999999999995,0.746,0.26,3.0
5.0,1.0,0.38,0.77,0.14,3.0
6.0,1.0,0.25,0.76,0.55,3.0
5.0,1.0,0.25,0.77,0.15,3.0
6.0,1.0,0.25,0.76,0.55,3.0
0.0,0.0,0.25,0.75,0.26,3.0
5.0,0.0,0.25,0.77,0.15,3.0
2.0,0.0,0.19399999999999998,0.79,0.036000000000000004,3.0
5.0,1.0,0.25,0.77,0.14,3.0
0.0,0.0,0.5,0.73,0.38,3.0
5.0,0.0,0.38,0.77,0.15,3.0
6.0,1.0,0.38,0.76,0.55,3.0
6.0,0.0,0.38,0.76,0.55,3.0
5.0,1.0,0.38,0.77,0.14,3.0
3.0,0.0,0.252,0.78,0.09,3.0
6.0,0.0,0.38,0.76,0.55,3.0
6.0,0.0,0.5,0.72,0.37,3.0
5.0,1.0,0.38,0.77,0.14,3.0
0.0,0.0,0.5,0.73,0.35,3.0
0.0,0.0,0.62,0.72,0.429,3.0
6.0,0.0,0.38,0.76,0.55,3.0
5.0,1.0,0.25,0.77,0.14,3.0
5.0,1.0,0.25,0.77,0.14,3.0
6.0,0.0,0.38,0.76,0.55,3.0
2.0,0.0,0.19,0.79,0.035,3.0
4.0,1.0,0.25,0.78,0.11,3.0
5.0,0.0,0.25,0.77,0.15,3.0
4.0,1.0,0.406,0.78,0.122,3.0
6.0,0.0,0.38,0.76,0.55,3.0
6.0,0.0,0.38,0.76,0.55,3.0
0.0,0.0,0.62,0.72,0.42,3.0
1.0,0.0,0.25,0.76,0.55,3.0
5.0,1.0,0.38,0.77,0.14,3.0
6.0,1.0,0.5,0.76,0.55,3.0
5.0,1.0,0.25,0.77,0.15,3.0
1.0,0.0,0.25,0.76,0.55,3.0
6.0,1.0,0.25,0.76,0.55,3.0
5.0,1.0,0.25,0.77,0.15,3.0
6.0,0.0,0.38,0.76,0.55,3.0
6.0,0.0,0.38,0.76,0.55,3.0
3.0,0.0,0.5,0.76,0.155,3.0
0.0,1.0,0.38,0.74,0.26,3.0
5.0,1.0,0.25,0.77,0.15,3.0
1.0,0.0,0.22399999999999998,0.76,0.55,3.0
0.0,1.0,0.25,0.75,0.26,3.0
0.0,0.0,0.5,0.73,0.35,3.0
6.0,1.0,0.38,0.76,0.55,3.0
5.0,1.0,0.25,0.77,0.15,3.0
6.0,1.0,0.38,0.76,0.55,3.0
3.0,0.0,0.25,0.78,0.09,3.0
0.0,0.0,0.25,0.75,0.26,3.0
0.0,0.0,0.25,0.74,0.26,3.0
0.0,0.0,0.62,0.72,0.42,3.0
4.0,1.0,0.254,0.78,0.11,3.0
0.0,0.0,0.5,0.73,0.35,3.0
5.0,0.0,0.25,0.77,0.15,3.0
5.0,1.0,0.25,0.77,0.15,3.0
5.0,1.0,0.12,0.77,0.14,3.0
0.0,1.0,0.25,0.75,0.26,3.0
0.0,0.0,0.5,0.73,0.35,3.0
5.0,0.0,0.248,0.76,0.55,3.0
6.0,1.0,0.25,0.76,0.55,3.0
5.0,1.0,0.25,0.77,0.14,3.0
5.0,1.0,0.25,0.77,0.14,3.0
2.0,1.0,0.12,0.76,0.55,3.0
0.0,0.0,0.62,0.713,0.45,3.0
6.0,1.0,0.5,0.76,0.55,3.0
5.0,1.0,0.25,0.77,0.15,3.0
5.0,1.0,0.25,0.77,0.14,3.0
5.0,1.0,0.38,0.77,0.14,3.0
0.0,0.0,0.5,0.73,0.38,3.0
1.0,1.0,0.32,0.76,0.55,3.0
5.0,1.0,0.38,0.77,0.14,3.0
1.0,0.0,0.247,0.76,0.55,3.0
6.0,0.0,0.5,0.727,0.349,3.0
0.0,1.0,0.25,0.75,0.26,3.0
0.0,0.0,0.25,0.75,0.26,3.0
0.0,0.0,0.5,0.73,0.38,3.0
3.0,0.0,0.5,0.78,0.09,3.0
4.0,1.0,0.25,0.78,0.11,3.0
1.0,0.0,0.136,0.76,0.55,3.0
5.0,0.0,0.25,0.77,0.15,3.0
6.0,0.0,0.38,0.76,0.55,3.0
5.0,1.0,0.38,0.77,0.14,3.0
6.0,1.0,0.38,0.76,0.55,3.0
5.0,0.0,0.38,0.77,0.15,3.0
6.0,0.0,0.5,0.7340000000000001,0.32799999999999996,3.0
6.0,0.0,0.38,0.76,0.55,3.0
0.0,0.0,0.62,0.72,0.42100000000000004,3.0
6.0,0.0,0.38,0.76,0.55,3.0
0.0,1.0,0.38,0.74,0.26,3.0
4.0,0.0,0.25,0.78,0.11,3.0
4.0,0.0,0.25,0.78,0.11,3.0
0.0,1.0,0.25,0.75,0.26,3.0
0.0,1.0,0.25,0.75,0.26,3.0
3.0,0.0,0.5,0.752,0.18,3.0
0.0,0.0,0.25,0.75,0.26,3.0
5.0,1.0,0.38,0.77,0.14,3.0
0.0,0.0,0.5,0.735,0.341,3.0
6.0,1.0,0.38,0.76,0.55,3.0
4.0,0.0,0.25,0.78,0.11,3.0
5.0,0.0,0.25,0.77,0.15,3.0
0.0,0.0,0.25,0.75,0.26,3.0
1.0,0.0,0.162,0.76,0.55,3.0
0.0,1.0,0.25,0.75,0.26,3.0
5.0,0.0,0.25,0.77,0.15,3.0
1.0,1.0,0.38,0.76,0.55,3.0
6.0,1.0,0.25,0.76,0.55,3.0
2.0,1.0,0.12,0.76,0.55,3.0
6.0,0.0,0.38,0.76,0.55,3.0
6.0,1.0,0.38,0.76,0.55,3.0
6.0,1.0,0.25,0.76,0.55,3.0
6.0,1.0,0.25,0.76,0.55,3.0
0.0,0.0,0.62,0.72,0.42,3.0
0.0,0.0,0.5,0.73,0.38,3.0
3.0,1.0,0.38,0.74,0.19,3.0
5.0,1.0,0.25,0.77,0.15,3.0
5.0,0.0,0.25,0.77,0.15,3.0
6.0,1.0,0.38,0.76,0.55,3.0
5.0,0.0,0.38,0.77,0.15,3.0
6.0,1.0,0.5,0.76,0.55,3.0
5.0,1.0,0.25,0.77,0.14,3.0
6.0,1.0,0.38,0.76,0.55,3.0
6.0,0.0,0.38,0.76,0.55,3.0
5.0,1.0,0.25,0.77,0.15,3.0
3.0,1.0,0.47700000000000004,0.74,0.20600000000000002,3.0
6.0,0.0,0.5,0.72,0.37,3.0
0.0,0.0,0.5,0.73,0.38,3.0
0.0,0.0,0.5,0.74,0.33,3.0
1.0,0.0,0.14400000000000002,0.76,0.55,3.0
0.0,1.0,0.25,0.75,0.26,3.0
0.0,1.0,0.38,0.74,0.26,3.0
4.0,1.0,0.25,0.78,0.11,3.0
0.0,0.0,0.5,0.73,0.35,3.0
0.0,0.0,0.5,0.73,0.35,3.0
0.0,0.0,0.5,0.74,0.33,3.0
6.0,0.0,0.38,0.76,0.55,3.0
6.0,0.0,0.5,0.72,0.37,3.0
0.0,0.0,0.5,0.73,0.35,3.0
6.0,0.0,0.38,0.76,0.55,3.0
5.0,0.0,0.25,0.77,0.15,3.0
5.0,1.0,0.25,0.77,0.15,3.0
0.0,0.0,0.62,0.7140000000000001,0.442,3.0
5.0,1.0,0.25,0.77,0.15,3.0
2.0,0.0,0.25,0.79,0.04,3.0
0.0,0.0,0.25,0.75,0.26,3.0
6.0,1.0,0.38,0.76,0.55,3.0
0.0,0.0,0.62,0.713,0.452,3.0
6.0,1.0,0.25,0.76,0.55,3.0
2.0,1.0,0.12,0.76,0.55,3.0
5.0,0.0,0.25,0.77,0.15,3.0
5.0,1.0,0.25,0.77,0.15,3.0
1.0,1.0,0.498,0.76,0.55,3.0
1.0,1.0,0.42,0.76,0.55,3.0
3.0,0.0,0.5,0.78,0.09,3.0
0.0,0.0,0.25,0.75,0.26,3.0
5.0,0.0,0.25,0.77,0.15,3.0
6.0,0.0,0.38,0.76,0.55,3.0
5.0,1.0,0.12,0.77,0.14,3.0
0.0,1.0,0.25,0.75,0.26,3.0
6.0,0.0,0.38,0.76,0.55,3.0
6.0,0.0,0.5,0.72,0.37,3.0
0.0,1.0,0.478,0.748,0.26,3.0
0.0,0.0,0.25,0.74,0.26,3.0
3.0,1.0,0.38,0.74,0.19,3.0
0.0,0.0,0.5,0.73,0.35,3.0
6.0,1.0,0.25,0.76,0.55,3.0
0.0,0.0,0.25,0.74,0.26,3.0
4.0,1.0,0.25,0.78,0.11,3.0
0.0,0.0,0.25,0.74,0.26,3.0
6.0,0.0,0.38,0.76,0.55,3.0
5.0,1.0,0.38,0.77,0.14,3.0
5.0,1.0,0.25,0.77,0.15,3.0
6.0,0.0,0.38,0.76,0.55,3.0
5.0,1.0,0.38,0.77,0.14,3.0
5.0,0.0,0.38,0.77,0.15,3.0
5.0,0.0,0.25,0.77,0.15,3.0
0.0,1.0,0.25,0.75,0.26,3.0
6.0,1.0,0.5,0.76,0.55,3.0
6.0,1.0,0.38,0.76,0.55,3.0
5.0,0.0,0.142,0.76,0.55,3.0
6.0,1.0,0.38,0.76,0.55,3.0
4.0,1.0,0.5,0.78,0.13,3.0
6.0,0.0,0.38,0.76,0.55,3.0
4.0,0.0,0.25,0.78,0.11,3.0
2.0,1.0,0.12,0.76,0.55,3.0
0.0,0.0,0.5,0.73,0.35,3.0
6.0,0.0,0.38,0.76,0.55,3.0
1.0,0.0,0.25,0.76,0.55,3.0
1.0,1.0,0.5,0.75,0.521,3.0
1.0,0.0,0.25,0.76,0.55,3.0
3.0,1.0,0.40399999999999997,0.74,0.19399999999999998,3.0
5.0,1.0,0.25,0.77,0.14,3.0
6.0,0.0,0.5,0.725,0.354,3.0
6.0,0.0,0.38,0.76,0.55,3.0
0.0,0.0,0.25,0.74,0.26,3.0
6.0,0.0,0.38,0.76,0.55,3.0
3.0,0.0,0.5,0.78,0.09,3.0
1.0,0.0,0.18600000000000005,0.76,0.55,3.0
5.0,1.0,0.25,0.77,0.14,3.0
6.0,1.0,0.5,0.76,0.55,3.0
6.0,1.0,0.25,0.76,0.55,3.0
6.0,0.0,0.38,0.76,0.55,3.0
4.0,0.0,0.25,0.78,0.11,3.0
5.0,1.0,0.38,0.77,0.14,3.0
3.0,1.0,0.387,0.74,0.191,3.0
0.0,0.0,0.5,0.73,0.38,3.0
1.0,0.0,0.184,0.76,0.55,3.0
6.0,1.0,0.38,0.76,0.55,3.0
5.0,1.0,0.25,0.77,0.14,3.0
3.0,0.0,0.44299999999999995,0.78,0.09,3.0
3.0,1.0,0.429,0.74,0.198,3.0
2.0,0.0,0.25,0.79,0.04,3.0
5.0,0.0,0.38,0.77,0.15,3.0
5.0,1.0,0.38,0.77,0.14,3.0
0.0,0.0,0.25,0.75,0.26,3.0
0.0,0.0,0.25,0.75,0.26,3.0
2.0,0.0,0.25,0.79,0.04,3.0
0.0,1.0,0.25,0.75,0.26,3.0
6.0,1.0,0.38,0.76,0.55,3.0
5.0,1.0,0.38,0.77,0.14,3.0
5.0,0.0,0.25,0.77,0.15,3.0
0.0,0.0,0.25,0.75,0.26,3.0
5.0,1.0,0.25,0.77,0.14,3.0
0.0,0.0,0.5,0.73,0.35,3.0
0.0,0.0,0.5,0.73,0.38,3.0
0.0,0.0,0.5,0.73,0.35,3.0
5.0,1.0,0.25,0.77,0.14,3.0
5.0,0.0,0.25,0.76,0.55,3.0
0.0,0.0,0.25,0.75,0.26,3.0
6.0,1.0,0.38,0.76,0.55,3.0
6.0,0.0,0.38,0.76,0.55,3.0
2.0,0.0,0.155,0.79,0.033,3.0
0.0,1.0,0.38,0.74,0.26,3.0
6.0,0.0,0.5,0.72,0.37,3.0
6.0,1.0,0.38,0.76,0.55,3.0
6.0,0.0,0.38,0.76,0.55,3.0
0.0,1.0,0.25,0.75,0.26,3.0
5.0,1.0,0.25,0.77,0.15,3.0
5.0,1.0,0.38,0.77,0.14,3.0
6.0,1.0,0.38,0.76,0.55,3.0
6.0,0.0,0.5,0.72,0.37,3.0
6.0,0.0,0.38,0.76,0.55,3.0
6.0,0.0,0.5,0.72,0.37,3.0
5.0,1.0,0.38,0.77,0.14,3.0
0.0,0.0,0.5,0.73,0.35,3.0
6.0,0.0,0.38,0.76,0.55,3.0
6.0,0.0,0.38,0.76,0.55,3.0
0.0,0.0,0.25,0.75,0.26,3.0
6.0,1.0,0.38,0.76,0.55,3.0
5.0,0.0,0.25,0.77,0.15,3.0
6.0,1.0,0.25,0.76,0.55,3.0
1.0,1.0,0.38,0.76,0.55,3.0
6.0,0.0,0.38,0.76,0.55,3.0
3.0,0.0,0.5,0.76,0.154,3.0
6.0,1.0,0.5,0.76,0.55,3.0
5.0,0.0,0.25,0.77,0.15,3.0
0.0,1.0,0.38,0.74,0.26,3.0
4.0,1.0,0.25,0.78,0.11,3.0
0.0,0.0,0.62,0.72,0.42,3.0
4.0,1.0,0.25,0.78,0.11,3.0
3.0,0.0,0.5,0.741,0.21600000000000005,3.0
6.0,0.0,0.5,0.72,0.37,3.0
0.0,0.0,0.5,0.73,0.38,3.0
5.0,0.0,0.25,0.77,0.15,3.0
3.0,1.0,0.46399999999999997,0.74,0.204,3.0
0.0,1.0,0.25,0.75,0.26,3.0
0.0,0.0,0.62,0.72,0.42,3.0
3.0,0.0,0.25,0.78,0.09,3.0
1.0,1.0,0.353,0.76,0.55,3.0
6.0,0.0,0.38,0.76,0.55,3.0
6.0,0.0,0.5,0.72,0.37,3.0
0.0,0.0,0.5,0.73,0.35,3.0
5.0,1.0,0.25,0.77,0.15,3.0
0.0,0.0,0.25,0.75,0.26,3.0
4.0,0.0,0.25,0.78,0.11,3.0
5.0,1.0,0.12,0.77,0.14,3.0
6.0,0.0,0.42,0.76,0.55,3.0
6.0,1.0,0.38,0.76,0.55,3.0
6.0,0.0,0.38,0.76,0.55,3.0
5.0,0.0,0.25,0.77,0.15,3.0
5.0,1.0,0.25,0.77,0.15,3.0
6.0,1.0,0.25,0.76,0.55,3.0
0.0,0.0,0.5,0.73,0.35,3.0
3.0,1.0,0.41700000000000004,0.74,0.196,3.0
6.0,1.0,0.25,0.76,0.55,3.0
6.0,0.0,0.5,0.736,0.32299999999999995,3.0
6.0,0.0,0.5,0.72,0.37,3.0
6.0,1.0,0.38,0.76,0.55,3.0
4.0,0.0,0.25,0.78,0.11,3.0
5.0,0.0,0.249,0.76,0.55,3.0
6.0,1.0,0.25,0.76,0.55,3.0
0.0,0.0,0.25,0.75,0.26,3.0
6.0,1.0,0.38,0.76,0.55,3.0
5.0,0.0,0.25,0.76,0.55,3.0
6.0,0.0,0.38,0.76,0.55,3.0
0.0,1.0,0.25,0.75,0.26,3.0
4.0,0.0,0.25,0.78,0.11,3.0
6.0,1.0,0.38,0.76,0.55,3.0
6.0,1.0,0.38,0.76,0.55,3.0
5.0,1.0,0.25,0.77,0.15,3.0
6.0,1.0,0.25,0.76,0.55,3.0
5.0,0.0,0.141,0.76,0.55,3.0
0.0,0.0,0.5,0.73,0.35,3.0
1.0,0.0,0.5,0.277,0.5,0.0
1.0,0.0,0.5,0.27699999999999997,0.5,0.0
1.0,0.0,0.5,0.277,0.5,0.0
0.66667,1.0,0.375,0.261,0.375,0.0
0.66667,1.0,0.375,0.261,0.375,0.0
0.66667,1.0,0.375,0.225,0.375,0.0
0.33333,0.0,0.5,0.261,0.5,0.0
0.33333,0.0,0.5,0.261,0.5,0.0
0.33333,0.0,0.5,0.261,0.5,0.0
0.33333,0.0,0.5,0.261,0.5,0.0
0.33333,1.0,0.5,0.261,0.5,0.0
1.0,0.0,0.375,0.275,0.375,0.0
1.0,0.0,0.375,0.282,0.375,0.0
1.0,0.0,0.5,0.268,0.5,0.0
1.0,0.0,0.5,0.268,0.5,0.0
1.0,0.0,0.5,0.268,0.5,0.0
1.0,0.0,0.5,0.268,0.5,0.0
1.0,0.0,0.5,0.268,0.5,0.0
1.0,0.0,0.5,0.268,0.5,0.0
1.0,0.0,0.5,0.267,0.5,0.0
1.0,1.0,0.625,0.255,0.625,0.0
1.0,1.0,0.625,0.255,0.625,0.0
1.0,1.0,0.5,0.268,0.5,0.0
0.66667,1.0,0.5,0.22699999999999998,0.5,0.0
0.66667,1.0,0.5,0.227,0.5,0.0
0.66667,1.0,0.5,0.218,0.5,0.0
0.66667,1.0,0.5,0.218,0.5,0.0
1.0,0.0,0.25,0.27699999999999997,0.25,0.0
0.8333299999999999,0.0,0.125,0.299,0.125,0.0
0.66667,0.0,0.375,0.266,0.375,0.0
0.66667,0.0,0.375,0.266,0.375,0.0
0.66667,0.0,0.375,0.266,0.375,0.0
0.66667,1.0,0.5,0.266,0.5,0.0
0.66667,1.0,0.5,0.266,0.5,0.0
0.66667,1.0,0.5,0.266,0.5,0.0
1.0,0.0,0.375,0.255,0.375,0.0
1.0,0.0,0.375,0.254,0.375,0.0
1.0,0.0,0.375,0.254,0.375,0.0
1.0,0.0,0.375,0.254,0.375,0.0
1.0,0.0,0.375,0.255,0.375,0.0
1.0,0.0,0.375,0.255,0.375,0.0
1.0,0.0,0.375,0.255,0.375,0.0
1.0,0.0,0.5,0.252,0.5,0.0
1.0,0.0,0.5,0.252,0.5,0.0
1.0,0.0,0.5,0.252,0.5,0.0
1.0,0.0,0.5,0.252,0.5,0.0
1.0,0.0,0.375,0.246,0.375,0.0
1.0,0.0,0.375,0.249,0.375,0.0
1.0,1.0,0.375,0.249,0.375,0.0
1.0,1.0,0.5,0.26,0.5,0.0
1.0,1.0,0.5,0.26,0.5,0.0
1.0,1.0,0.5,0.26,0.5,0.0
1.0,1.0,0.5,0.26,0.5,0.0
1.0,1.0,0.5,0.26,0.5,0.0
1.0,1.0,0.5,0.27,0.5,0.0
1.0,1.0,0.5,0.27,0.5,0.0
1.0,1.0,0.5,0.27,0.5,0.0
1.0,1.0,0.5,0.27,0.5,0.0
1.0,0.0,0.5,0.27,0.5,0.0
1.0,0.0,0.5,0.278,0.5,0.0
1.0,0.0,0.5,0.278,0.5,0.0
1.0,0.0,0.5,0.278,0.5,0.0
1.0,0.0,0.5,0.276,0.5,0.0
1.0,0.0,0.5,0.276,0.5,0.0
1.0,0.0,0.5,0.284,0.5,0.0
1.0,0.0,0.5,0.284,0.5,0.0
1.0,0.0,0.5,0.284,0.5,0.0
1.0,0.0,0.5,0.27699999999999997,0.5,0.0
1.0,0.0,0.5,0.277,0.5,0.0
1.0,0.0,0.625,0.275,0.625,0.0
1.0,0.0,0.625,0.275,0.625,0.0
1.0,0.0,0.625,0.275,0.625,0.0
0.8333299999999999,0.0,0.5,0.318,0.5,0.0
0.8333299999999999,0.0,0.5,0.318,0.5,0.0
0.66667,1.0,0.375,0.281,0.375,0.0
0.66667,0.0,0.375,0.281,0.375,0.0
0.66667,0.0,0.375,0.28,0.375,0.0
0.66667,0.0,0.375,0.281,0.375,0.0
0.66667,0.0,0.375,0.292,0.375,0.0
0.8333299999999999,1.0,0.5,0.23600000000000002,0.5,0.0
3.0,1.0,0.5,0.23,0.5,0.0
